diag_index,step,scope,candidate,score_lr_policy,valid_block_count,first_order_sum,quadratic_curvature_sum,score,eta_opt
1,250,global,plain,unit,72,4.201634551041038,104.5705519388066,0.0844106326933828,0.04017990221089952
1,250,global,typed,unit,72,4.043474269420907,95.09829748861354,0.08596202350219016,0.04251889230619556
1,250,global,all_layer,unit,72,4.173064464098065,101.97615431167301,0.08538499583095512,0.04092196349495386
1,250,type:attn_k,plain,unit,12,0.3126971343260887,0.9279478295648005,0.05268588098406658,0.33697706311004677
1,250,type:attn_k,typed,unit,12,0.3097058260234102,0.914446202085721,0.05244578546778819,0.3386812972890209
1,250,type:attn_k,all_layer,unit,12,0.2670356897639176,0.6798264052264797,0.05244578546778823,0.3927998202349266
1,250,type:attn_proj,plain,unit,12,0.4837797049056443,1.7640000673709437,0.06633866041383106,0.2742515229189685
1,250,type:attn_proj,typed,unit,12,0.44276211040436514,1.4526131010998062,0.067477804744189,0.30480388072305004
1,250,type:attn_proj,all_layer,unit,12,0.47301447400721797,1.657898426516264,0.06747780474418895,0.28530968269338525
1,250,type:attn_q,plain,unit,12,0.25674742643641285,0.569309827464167,0.05789399532706139,0.4509801413055228
1,250,type:attn_q,typed,unit,12,0.2578382446001992,0.5768706904319435,0.05762171790070796,0.44696020941389425
1,250,type:attn_q,all_layer,unit,12,0.22298810477135692,0.43146661259912433,0.05762171790070804,0.516814275450173
1,250,type:attn_v,plain,unit,12,0.6169904522259378,4.747543124249205,0.040092023197595396,0.12995994687747278
1,250,type:attn_v,typed,unit,12,0.5732341756042192,4.0994803379966305,0.040077935858722845,0.13983093668997867
1,250,type:attn_v,all_layer,unit,12,0.6224333445957853,4.833373527898067,0.04007793585872286,0.1287782417400851
1,250,type:mlp_fc,plain,unit,12,1.4066266137902026,11.420778594911097,0.0866227470474089,0.12316381077704906
1,250,type:mlp_fc,typed,unit,12,1.3767979312926502,10.762174356083555,0.0880664297424343,0.1279293464070655
1,250,type:mlp_fc,all_layer,unit,12,1.372101369038161,10.68887527530394,0.08806642974243431,0.1283672354385429
1,250,type:mlp_proj,plain,unit,12,1.1247932193567522,6.495642301160841,0.09738527212965754,0.17316120057222664
1,250,type:mlp_proj,typed,unit,12,1.083135981496063,5.919689059684833,0.09909165351278607,0.18297176939116624
1,250,type:mlp_proj,all_layer,unit,12,1.2154914819216283,7.454813247381124,0.09909165351278608,0.16304787814082805
2,500,global,plain,unit,72,3.67294733940243,78.68574657602312,0.08572417969618773,0.04667868704599213
2,500,global,typed,unit,72,3.5620361872279926,71.90058532684942,0.08823364748314289,0.04954112919992936
2,500,global,all_layer,unit,72,3.6685075178346005,76.93390359181878,0.0874643478368886,0.047683886382501366
2,500,type:attn_k,plain,unit,12,0.2510917354118717,0.6316521642438602,0.049906470017100246,0.3975158316958341
2,500,type:attn_k,typed,unit,12,0.25054103081410806,0.6300274543502045,0.04981593078839412,0.39766684623689963
2,500,type:attn_k,all_layer,unit,12,0.2198538947619534,0.4851433494971565,0.049815930788394115,0.4531730569734256
2,500,type:attn_proj,plain,unit,12,0.4129317608641026,1.2323763063177466,0.06918042738090613,0.3350695390257165
2,500,type:attn_proj,typed,unit,12,0.38305278635543266,1.0229858621517378,0.07171625853461532,0.37444582621085637
2,500,type:attn_proj,all_layer,unit,12,0.4036253056145711,1.1358190643326895,0.07171625853461526,0.35536056603496696
2,500,type:attn_q,plain,unit,12,0.2120991655251298,0.4242400491057196,0.05301957713714812,0.4999508320165105
2,500,type:attn_q,typed,unit,12,0.21247367100186199,0.427561113191977,0.05279369366869566,0.4969433946310742
2,500,type:attn_q,all_layer,unit,12,0.18730107600072346,0.33225268619375553,0.05279369366869564,0.5637308102649846
2,500,type:attn_v,plain,unit,12,0.5563538557845431,4.432502407813445,0.03491589900782697,0.12551687615641763
2,500,type:attn_v,typed,unit,12,0.5212592956868313,3.863363220489983,0.035165118813947654,0.13492370919779087
2,500,type:attn_v,all_layer,unit,12,0.5711476872855752,4.6382564838978375,0.03516511881394766,0.12313844421246872
2,500,type:mlp_fc,plain,unit,12,1.230863363473197,8.364430327434093,0.09056352675755423,0.14715447619142064
2,500,type:mlp_fc,typed,unit,12,1.2098077153807907,7.903925732793627,0.09258909797964217,0.1530641552413963
2,500,type:mlp_fc,all_layer,unit,12,1.2190010387183177,8.024505934397697,0.09258909797964221,0.15190979341082803
2,500,type:mlp_proj,plain,unit,12,1.0096074583435855,4.558236172422766,0.11180939089003135,0.22149081797290135
2,500,type:mlp_proj,typed,unit,12,0.9849016879889682,4.223076815364888,0.11484888594427624,0.23321898488930737
2,500,type:mlp_proj,all_layer,unit,12,1.067578515453459,4.961841280771306,0.11484888594427631,0.21515773178611355
3,750,global,plain,unit,72,3.4034279376056835,70.30099926896582,0.08238376301137658,0.04841222703797494
3,750,global,typed,unit,72,3.3458057515862047,67.03840025154005,0.08349256609155259,0.04990879464653309
3,750,global,all_layer,unit,72,3.4571419218811856,72.32476108717064,0.082626130307041,0.04780025360490865
3,750,type:attn_k,plain,unit,12,0.20403499091921368,0.380935508175753,0.054642159402211156,0.5356155741330305
3,750,type:attn_k,typed,unit,12,0.2040642773382275,0.381522589576509,0.05457374009202968,0.5348681386461005
3,750,type:attn_k,all_layer,unit,12,0.18131899956550326,0.30121244712194944,0.05457374009202962,0.6019638341575377
3,750,type:attn_proj,plain,unit,12,0.36741606778561126,0.9745025080628693,0.06926332449127562,0.3770293711362184
3,750,type:attn_proj,typed,unit,12,0.3490861638863641,0.8623421278955042,0.07065707790148934,0.40481167809612706
3,750,type:attn_proj,all_layer,unit,12,0.36112669598236385,0.9228551082522884,0.07065707790148934,0.3913146199800193
3,750,type:attn_q,plain,unit,12,0.18219568675131084,0.26352843132190173,0.06298232813869245,0.6913701335274811
3,750,type:attn_q,typed,unit,12,0.18247993870982882,0.26553861660539474,0.06270072590049483,0.6872067838667858
3,750,type:attn_q,all_layer,unit,12,0.1625124301828654,0.2106059346573872,0.06270072590049479,0.771642216290058
3,750,type:attn_v,plain,unit,12,0.46132446426278995,3.4503804151900113,0.030840115540655567,0.13370249327634934
3,750,type:attn_v,typed,unit,12,0.4424113973845758,3.1704913684101586,0.030867115186930895,0.13954032545006512
3,750,type:attn_v,all_layer,unit,12,0.4811850989962704,3.750578861902906,0.03086711518693092,0.12829622218692258
3,750,type:mlp_fc,plain,unit,12,1.1613457816941128,7.608931678812951,0.08862768661822976,0.1526292823640245
3,750,type:mlp_fc,typed,unit,12,1.152146155005413,7.427625522426665,0.0893583527121647,0.1551163492998766
3,750,type:mlp_fc,all_layer,unit,12,1.1769681255044595,7.751116299757507,0.08935835271216473,0.1518449833530792
3,750,type:mlp_proj,plain,unit,12,1.0271109461926442,5.372510188724846,0.09818100466358919,0.19117896664918693
3,750,type:mlp_proj,typed,unit,12,1.0156178192617944,5.21812400418731,0.09883624401934173,0.19463274894326138
3,750,type:mlp_proj,all_layer,unit,12,1.0940305716497236,6.054979646282355,0.09883624401934177,0.1806827826946434
4,1000,global,plain,unit,72,3.1757135138599235,53.73231421661694,0.09384628662609944,0.05910248907309897
4,1000,global,typed,unit,72,3.1355510864741465,51.975327986769116,0.09458026525962435,0.06032768253568953
4,1000,global,all_layer,unit,72,3.2406392665214256,56.02252643991507,0.0937278584444401,0.05784528960858372
4,1000,type:attn_k,plain,unit,12,0.2051724823106637,0.3766009742830647,0.05588905814391119,0.5448007209786182
4,1000,type:attn_k,typed,unit,12,0.2053904650580775,0.37762054621728586,0.05585665764131864,0.5439070175484948
4,1000,type:attn_k,all_layer,unit,12,0.18411786510335676,0.30344984538729014,0.055856657641318634,0.6067489171674116
4,1000,type:attn_proj,plain,unit,12,0.36154997554735735,0.9032342846039683,0.0723612838033542,0.40028371565399823
4,1000,type:attn_proj,typed,unit,12,0.34811011568072736,0.8278275016321499,0.07319197079121487,0.4205104505399872
4,1000,type:attn_proj,all_layer,unit,12,0.3546711654593966,0.8593267420490427,0.07319197079121484,0.4127314420748646
4,1000,type:attn_q,plain,unit,12,0.18462895719682224,0.25370420882245526,0.06718030416957142,0.7277331269109036
4,1000,type:attn_q,typed,unit,12,0.18473951338935388,0.25437974419377024,0.06708216472876513,0.7262351567137009
4,1000,type:attn_q,all_layer,unit,12,0.16556567082355442,0.20431653827875962,0.06708216472876508,0.8103390563404349
4,1000,type:attn_v,plain,unit,12,0.439625597214837,2.993922511814162,0.032277165652057925,0.14683933718392952
4,1000,type:attn_v,typed,unit,12,0.4268207135639434,2.832682075583655,0.03215608329249192,0.1506772388059115
4,1000,type:attn_v,all_layer,unit,12,0.46054996905818246,3.298073836763217,0.03215608329249192,0.13964210380146422
4,1000,type:mlp_fc,plain,unit,12,1.051476830460879,5.32765742065385,0.10376075615428443,0.197361944929979
4,1000,type:mlp_fc,typed,unit,12,1.0454074457096887,5.251688927870567,0.10405002491154697,0.19906118966067096
4,1000,type:mlp_fc,all_layer,unit,12,1.0798028245545266,5.60294983546198,0.10405002491154694,0.192720416256501
4,1000,type:mlp_proj,plain,unit,12,0.9332596711293623,3.8443168576341122,0.11328067456600133,0.24276346245395428
4,1000,type:mlp_proj,typed,unit,12,0.9250828330723555,3.764847743592776,0.11365376587958781,0.24571586849606658
4,1000,type:mlp_proj,all_layer,unit,12,0.9959317715224092,4.363604170312435,0.11365376587958774,0.22823604814987156
5,1250,global,plain,unit,72,3.146371917453038,58.879709275075584,0.08406678943239736,0.05343728690564257
5,1250,global,typed,unit,72,3.1106734522220623,56.79785783266875,0.085181815790186,0.054767443191015536
5,1250,global,all_layer,unit,72,3.2189687182300677,60.96722686441102,0.08497811153513606,0.052798345665105315
5,1250,type:attn_k,plain,unit,12,0.2002619764331749,0.4723681362302159,0.04245085149580853,0.4239531862402635
5,1250,type:attn_k,typed,unit,12,0.20054382839565693,0.47499908398253693,0.042334636490651924,0.42219834765624475
5,1250,type:attn_k,all_layer,unit,12,0.1809457472711834,0.3866971133997655,0.04233463649065195,0.4679262942522217
5,1250,type:attn_proj,plain,unit,12,0.3636671715345806,1.0039417709922418,0.06586727212338697,0.3622393071414407
5,1250,type:attn_proj,typed,unit,12,0.3515693880906783,0.924933859367578,0.06681614765782602,0.38010219274604484
5,1250,type:attn_proj,all_layer,unit,12,0.35410000504591604,0.9382972377847908,0.06681614765782604,0.3773857481259397
5,1250,type:attn_q,plain,unit,12,0.18500064562890958,0.41490175338549307,0.04124499186113834,0.445890247798066
5,1250,type:attn_q,typed,unit,12,0.18511395996036167,0.4165202002919424,0.04113507357889034,0.44442972953199816
5,1250,type:attn_q,all_layer,unit,12,0.16667217396347642,0.3376633509653818,0.0411350735788904,0.49360457238536415
5,1250,type:attn_v,plain,unit,12,0.44015909873525283,3.3698101420886815,0.0287464314056794,0.130618367259834
5,1250,type:attn_v,typed,unit,12,0.4269147578654297,3.1114524656358147,0.029287963177360488,0.137207546179945
5,1250,type:attn_v,all_layer,unit,12,0.4575407291602693,3.5738831951675794,0.02928796317736047,0.12802341435750678
5,1250,type:mlp_fc,plain,unit,12,1.03394191946244,5.488356799352914,0.09739125314772865,0.18838824756880662
5,1250,type:mlp_fc,typed,unit,12,1.0293286735645337,5.4157545088883605,0.09781808947241215,0.19006191508038167
5,1250,type:mlp_fc,all_layer,unit,12,1.0712827747205713,5.866229802702696,0.09781808947241219,0.1826186171954956
5,1250,type:mlp_proj,plain,unit,12,0.9233411056586801,4.078941782237962,0.10450735054757596,0.22636780688546077
5,1250,type:mlp_proj,typed,unit,12,0.9172028443454012,4.022286502704453,0.10457497956817075,0.22803021210167504
5,1250,type:mlp_proj,all_layer,unit,12,0.9884272880686512,4.671234495254504,0.10457497956817075,0.21159873028699203
6,1500,global,plain,unit,72,3.068050036209466,53.43103958054053,0.08808485759009146,0.057420743827841285
6,1500,global,typed,unit,72,3.0397559691555505,51.85285123336219,0.08909940468299357,0.0586227352373589
6,1500,global,all_layer,unit,72,3.1502687461424714,55.78996901296372,0.08894245102211842,0.05646657995831571
6,1500,type:attn_k,plain,unit,12,0.1903764980224781,0.45249571180465864,0.04004812648362591,0.4207255296701313
6,1500,type:attn_k,typed,unit,12,0.19067851234598981,0.4550295973425941,0.039951571593161046,0.4190463949148938
6,1500,type:attn_k,all_layer,unit,12,0.1728254180137609,0.37381038993650145,0.03995157159316107,0.46233444191617695
6,1500,type:attn_proj,plain,unit,12,0.3500194847814641,0.9219113841536455,0.06644545334427908,0.3796671684478624
6,1500,type:attn_proj,typed,unit,12,0.3392708005725378,0.8489904570661752,0.067789146016372,0.39961674215390275
6,1500,type:attn_proj,all_layer,unit,12,0.33880639362849024,0.8466677861365898,0.06778914601637204,0.4001645027437383
6,1500,type:attn_q,plain,unit,12,0.17910343189060468,0.3804700995206076,0.04215579536396002,0.4707424633795797
6,1500,type:attn_q,typed,unit,12,0.1792003645867886,0.38038377421003355,0.04221101535512198,0.4711041236155381
6,1500,type:attn_q,all_layer,unit,12,0.16184194162966925,0.31026041247883607,0.042211015355122,0.5216325870794394
6,1500,type:attn_v,plain,unit,12,0.4074754761771869,3.334440956125036,0.024897166552137192,0.1222020367248354
6,1500,type:attn_v,typed,unit,12,0.3971241446539118,3.157306156412258,0.024975022765341984,0.1257794223874621
6,1500,type:attn_v,all_layer,unit,12,0.4235123200346084,3.590841275828573,0.02497502276534199,0.11794236712311505
6,1500,type:mlp_fc,plain,unit,12,1.0140266436007175,4.5717978766188025,0.11245576266514726,0.2218004100283341
6,1500,type:mlp_fc,typed,unit,12,1.010810795576176,4.535515959488845,0.11263751176045829,0.22286566833954982
6,1500,type:mlp_fc,all_layer,unit,12,1.057633798692187,4.965438399042966,0.1126375117604582,0.21299907756302738
6,1500,type:mlp_proj,plain,unit,12,0.9270485017370154,4.005154293961823,0.10728911566134997,0.23146386723094167
6,1500,type:mlp_proj,typed,unit,12,0.9226713514201452,3.9496155904829124,0.10777282031988682,0.233610418604645
6,1500,type:mlp_proj,all_layer,unit,12,0.9956488741437555,4.5991033622454305,0.10777282031988678,0.21648760545743587
7,1750,global,plain,unit,72,3.230158478752157,60.84214978299133,0.08574585082109717,0.05309080120070249
7,1750,global,typed,unit,72,3.2017769509965235,59.095602597668424,0.08673552001597708,0.05417961422264687
7,1750,global,all_layer,unit,72,3.3211743523112243,63.71366482024088,0.08656070177072712,0.05212656282889156
7,1750,type:attn_k,plain,unit,12,0.19801530835977552,0.44681812439375784,0.04387698283056125,0.44316758329452816
7,1750,type:attn_k,typed,unit,12,0.19831423771033221,0.4490555069609218,0.043790284573943156,0.44162522146196537
7,1750,type:attn_k,all_layer,unit,12,0.1802804979775103,0.3710989579907687,0.04379028457394318,0.48580168199231344
7,1750,type:attn_proj,plain,unit,12,0.3739388215779147,1.0455444908584466,0.06686958015926783,0.3576498416350426
7,1750,type:attn_proj,typed,unit,12,0.36331447427289704,0.9798956730579502,0.06735278603908344,0.37076852593818005
7,1750,type:attn_proj,all_layer,unit,12,0.3606088494844838,0.9653553325252523,0.06735278603908343,0.37355037811950015
7,1750,type:attn_q,plain,unit,12,0.18423350621783946,0.35058736888822745,0.04840731273484629,0.5254995546533107
7,1750,type:attn_q,typed,unit,12,0.18438589391626445,0.3526378150613319,0.048205490765910707,0.5228761240033076
7,1750,type:attn_q,all_layer,unit,12,0.16685868600259457,0.2887826744645575,0.048205490765910707,0.5778001963309376
7,1750,type:attn_v,plain,unit,12,0.4402112534203536,4.087260803673416,0.02370609033117658,0.10770324541676292
7,1750,type:attn_v,typed,unit,12,0.42903672964020767,3.8185774413318607,0.02410223678954158,0.11235512078303335
7,1750,type:attn_v,all_layer,unit,12,0.4559868640837081,4.313376016352066,0.02410223678954157,0.10571461016963413
7,1750,type:mlp_fc,plain,unit,12,1.0715174440385593,5.594292866298929,0.1026179412053663,0.19153760263313738
7,1750,type:mlp_fc,typed,unit,12,1.068334934014479,5.554435991099479,0.10274126239501388,0.19233904859582446
7,1750,type:mlp_fc,all_layer,unit,12,1.122021909144461,6.126716448937064,0.10274126239501388,0.1831359290895734
7,1750,type:mlp_proj,plain,unit,12,0.9622421451377148,4.254646996501833,0.1088116060674967,0.22616262781116023
7,1750,type:mlp_proj,typed,unit,12,0.9583906814423442,4.225473535761738,0.10868754596399785,0.22681261007343462
7,1750,type:mlp_proj,all_layer,unit,12,1.0354175456184658,4.9319794842441835,0.10868754596399781,0.2099395483955752
8,2000,global,plain,unit,72,3.266173781050721,54.025118640769506,0.09873084443328504,0.06045657766655854
8,2000,global,typed,unit,72,3.2444163617218367,52.68376166926023,0.09990020828704585,0.06158285321556451
8,2000,global,all_layer,unit,72,3.371337973379798,57.34335296343033,0.09910407347474966,0.058792131941252324
8,2000,type:attn_k,plain,unit,12,0.1878551040322724,0.28018984505615663,0.06297433817400312,0.6704565042127841
8,2000,type:attn_k,typed,unit,12,0.18808867490618195,0.2802878158409715,0.06310896804739391,0.6710554803884122
8,2000,type:attn_k,all_layer,unit,12,0.17138138539056216,0.23270527285702694,0.06310896804739392,0.7364740097481939
8,2000,type:attn_proj,plain,unit,12,0.37353814416135533,0.9873967728344722,0.07065586448240321,0.37830602088060045
8,2000,type:attn_proj,typed,unit,12,0.36444563421447856,0.923100545268314,0.07194266159781494,0.39480600036754027
8,2000,type:attn_proj,all_layer,unit,12,0.3601542223642539,0.9014891929626632,0.07194266159781498,0.39951030492183653
8,2000,type:attn_q,plain,unit,12,0.1765361025147045,0.18332004425974446,0.08500160366240384,0.9629939989790323
8,2000,type:attn_q,typed,unit,12,0.17661866043965813,0.18309085319357182,0.08518762863188858,0.9646503763512916
8,2000,type:attn_q,all_layer,unit,12,0.16002443210436523,0.15030245166807446,0.08518762863188852,1.0646827801436043
8,2000,type:attn_v,plain,unit,12,0.4285077385349105,3.7764842351898547,0.02431082331462085,0.113467371197266
8,2000,type:attn_v,typed,unit,12,0.41969934217238286,3.573147918971548,0.02464878894107344,0.11745926888276825
8,2000,type:attn_v,all_layer,unit,12,0.4451488549514762,4.019619453481775,0.02464878894107343,0.11074402940454733
8,2000,type:mlp_fc,plain,unit,12,1.094292303922595,4.902114088414237,0.12213869616522807,0.22322864873929987
8,2000,type:mlp_fc,typed,unit,12,1.0921295161621438,4.884977901623326,0.12208313979027387,0.22356897782469362
8,2000,type:mlp_fc,all_layer,unit,12,1.1498247626377052,5.414740262439513,0.12208313979027391,0.21235086207434675
8,2000,type:mlp_proj,plain,unit,12,1.0054443878848836,4.442902476992458,0.11376779282960213,0.22630350161669557
8,2000,type:mlp_proj,typed,unit,12,1.0034345338269905,4.4253730585070645,0.11376225804749095,0.22674575014597917
8,2000,type:mlp_proj,all_layer,unit,12,1.0848043159314367,5.1721916567980175,0.11376225804749102,0.20973784188867695
9,2250,global,plain,unit,72,3.2746554326824997,56.34310586616266,0.09516131599373741,0.058119895634811326
9,2250,global,typed,unit,72,3.253108643142699,54.49011216365171,0.0971067540869283,0.05970089827256265
9,2250,global,all_layer,unit,72,3.3820417151112236,59.34441345855927,0.09637138102931851,0.05699006052984133
9,2250,type:attn_k,plain,unit,12,0.1876646939422902,0.24924411786196288,0.07064968604787299,0.7529352971379779
9,2250,type:attn_k,typed,unit,12,0.18797005240340853,0.2494003798827825,0.07083537847285244,0.7536879153582442
9,2250,type:attn_k,all_layer,unit,12,0.17148801135407593,0.20758086334956394,0.0708353784728525,0.8261263036819149
9,2250,type:attn_proj,plain,unit,12,0.36580221322517115,0.933511450246442,0.07167092549593694,0.3918561610879024
9,2250,type:attn_proj,typed,unit,12,0.3564174889302682,0.8554850684481795,0.07424643111877577,0.4166261949805825
9,2250,type:attn_proj,all_layer,unit,12,0.3512257476555869,0.8307438078665466,0.07424643111877573,0.42278467119433405
9,2250,type:attn_q,plain,unit,12,0.17936225669370381,0.18911324650252936,0.0850570219728839,0.9484383564390074
9,2250,type:attn_q,typed,unit,12,0.17950786611638764,0.18916345454483924,0.08517256696118541,0.9489563750477878
9,2250,type:attn_q,all_layer,unit,12,0.16274585902485586,0.15548559574239712,0.08517256696118544,1.046694121393002
9,2250,type:attn_v,plain,unit,12,0.4061786147343559,4.211380209191702,0.019587529369520573,0.09644786140368801
9,2250,type:attn_v,typed,unit,12,0.3971270219589978,3.9110147707257767,0.02016227000093325,0.1015406602223857
9,2250,type:attn_v,all_layer,unit,12,0.42083884053185294,4.391998760357758,0.020162270000933232,0.09581943518070865
9,2250,type:mlp_fc,plain,unit,12,1.1140703890241277,4.959175660740584,0.12513701032270172,0.22464830149972076
9,2250,type:mlp_fc,typed,unit,12,1.1121011418181004,4.947315058585262,0.12499395480048427,0.22478882558494623
9,2250,type:mlp_fc,all_layer,unit,12,1.1727145395188223,5.501303616619048,0.12499395480048424,0.21317029948613175
9,2250,type:mlp_proj,plain,unit,12,1.0215772650628505,4.703870565863326,0.11093206051065654,0.21717801345908314
9,2250,type:mlp_proj,typed,unit,12,1.0199850719155372,4.653163838027853,0.11179163072103246,0.21920248403456966
9,2250,type:mlp_proj,all_layer,unit,12,1.1030287170260304,5.441696944291848,0.11179163072103254,0.20269940210159434
10,2500,global,plain,unit,72,3.783648300783506,79.08399903427198,0.09051132111957254,0.047843411397845696
10,2500,global,typed,unit,72,3.759572885722105,76.94225234100546,0.09185062727572431,0.04886226710728203
10,2500,global,all_layer,unit,72,3.9030677220482186,82.45086273792751,0.09238191776910927,0.04733810650901536
10,2500,type:attn_k,plain,unit,12,0.23253297981005816,0.6594033149740426,0.041000390407101184,0.35264150866334637
10,2500,type:attn_k,typed,unit,12,0.23288786376775855,0.6632978465070398,0.040884164916201365,0.35110601518481915
10,2500,type:attn_k,all_layer,unit,12,0.21262331908865906,0.552887357647394,0.04088416491620136,0.3845689653556165
10,2500,type:attn_proj,plain,unit,12,0.4338583491707016,1.4298682302469388,0.06582182300554314,0.30342540661650624
10,2500,type:attn_proj,typed,unit,12,0.4232265255055176,1.3264194665970963,0.06752037963940745,0.31907442265703256
10,2500,type:attn_proj,all_layer,unit,12,0.41645659390119383,1.2843240480134968,0.0675203796394075,0.3242613065957458
10,2500,type:attn_q,plain,unit,12,0.2242242087321061,0.5958924219739855,0.04218588282679485,0.3762830344264638
10,2500,type:attn_q,typed,unit,12,0.22423027340673107,0.5957483663865726,0.042198366247329255,0.3763842018850477
10,2500,type:attn_q,all_layer,unit,12,0.20327420697874404,0.4895971917568311,0.04219836624732923,0.4151866277037482
10,2500,type:attn_v,plain,unit,12,0.48087782222711695,4.88836529944092,0.023652434479103052,0.09837190814731352
10,2500,type:attn_v,typed,unit,12,0.4706815303818163,4.610482567247127,0.02402580422019128,0.10208942849617053
10,2500,type:attn_v,all_layer,unit,12,0.49883780029669156,5.178581093983059,0.024025804220191283,0.09632711958035883
10,2500,type:mlp_fc,plain,unit,12,1.2539908272266755,6.061781802680343,0.1297055095313173,0.20686835456073283
10,2500,type:mlp_fc,typed,unit,12,1.2518467387318415,6.074255033884684,0.12899690978823808,0.2060905792971364
10,2500,type:mlp_fc,all_layer,unit,12,1.321166547749006,6.765592484953385,0.12899690978823808,0.19527728734582642
10,2500,type:mlp_proj,plain,unit,12,1.1581641136168475,5.975117399822921,0.1122441639481134,0.19383118960159193
10,2500,type:mlp_proj,typed,unit,12,1.156699953928439,5.924107960604822,0.11292457803904155,0.19525301726782607
10,2500,type:mlp_proj,all_layer,unit,12,1.2507092540339264,6.926187661225009,0.11292457803904157,0.18057686496653746
11,2750,global,plain,unit,72,3.347474176000689,51.59465479591381,0.10859248311008132,0.06488025143770905
11,2750,global,typed,unit,72,3.329822820040091,49.946225431385926,0.11099657598842579,0.06666815742892253
11,2750,global,all_layer,unit,72,3.4617218205047684,54.07020536498471,0.11081442988488487,0.06402272373736059
11,2750,type:attn_k,plain,unit,12,0.19412646133784722,0.42620322582297376,0.044210227314430785,0.45547862985551146
11,2750,type:attn_k,typed,unit,12,0.19436284383700525,0.4290272460118743,0.04402624240718098,0.45303146978135234
11,2750,type:attn_k,all_layer,unit,12,0.17745750733364088,0.35764086584791965,0.044026242407180984,0.49618912232782003
11,2750,type:attn_proj,plain,unit,12,0.37124776597097653,0.950560818426311,0.07249662571123815,0.3905565627937317
11,2750,type:attn_proj,typed,unit,12,0.36304268791468675,0.8762772283858853,0.07520450662120826,0.4143011779313453
11,2750,type:attn_proj,all_layer,unit,12,0.3571071587366994,0.8478582504591231,0.07520450662120819,0.4211873370853236
11,2750,type:attn_q,plain,unit,12,0.18720788797366403,0.3436617612896952,0.050990242830677754,0.5447445979183413
11,2750,type:attn_q,typed,unit,12,0.1872924711084215,0.345754566441028,0.050727413516144994,0.5416919667505423
11,2750,type:attn_q,all_layer,unit,12,0.16968698868120605,0.28380782827150863,0.05072741351614496,0.5978939683047526
11,2750,type:attn_v,plain,unit,12,0.39795437321871524,4.535051189828664,0.017460407450206057,0.08775080072111603
11,2750,type:attn_v,typed,unit,12,0.3900369652099135,4.211114799965861,0.018062774521296898,0.09262083408722922
11,2750,type:attn_v,all_layer,unit,12,0.4137516202410599,4.738762670437487,0.0180627745212969,0.0873121633252973
11,2750,type:mlp_fc,plain,unit,12,1.1470334921054066,4.2367574537638575,0.15527037438061184,0.2707338110862124
11,2750,type:mlp_fc,typed,unit,12,1.1456915177955087,4.230137395138044,0.15514969507340806,0.2708402613854392
11,2750,type:mlp_fc,all_layer,unit,12,1.20946620034445,4.714184224092495,0.15514969507340792,0.25655895969514825
11,2750,type:mlp_proj,plain,unit,12,1.0499041953940795,4.212556856567971,0.1308348892416075,0.24923205339225998
11,2750,type:mlp_proj,typed,unit,12,1.0493963341745558,4.203810954295399,0.13098027934079323,0.24962976346552795
11,2750,type:mlp_proj,all_layer,unit,12,1.1342523451677116,4.911152995677607,0.1309802793407933,0.2309543901739545
12,3000,global,plain,unit,72,3.434869495660572,39.60626389736262,0.1489452335468224,0.08672541051995818
12,3000,global,typed,unit,72,3.4192949990899555,38.92575857549076,0.1501779119876044,0.08784144803392174
12,3000,global,all_layer,unit,72,3.5543864342178053,42.57268026614254,0.14837758445994462,0.08348984400318717
12,3000,type:attn_k,plain,unit,12,0.2000570702378588,0.21707825114572188,0.0921852630121125,0.9215896534174813
12,3000,type:attn_k,typed,unit,12,0.2003308787823051,0.21724426796864643,0.09236713439887559,0.9221457516716512
12,3000,type:attn_k,all_layer,unit,12,0.18286869437357986,0.18102195981033292,0.0923671343988756,1.010201715665778
12,3000,type:attn_proj,plain,unit,12,0.38045445031627506,0.7662584591307677,0.09444958619423025,0.49650929889616746
12,3000,type:attn_proj,typed,unit,12,0.3725309316703901,0.7223964490862377,0.09605480150598149,0.5156876561915635
12,3000,type:attn_proj,all_layer,unit,12,0.3665290523362221,0.6993067712399742,0.09605480150598149,0.5241319938691742
12,3000,type:attn_q,plain,unit,12,0.193628376997503,0.15721113051677094,0.11924075685813984,1.231645471672549
12,3000,type:attn_q,typed,unit,12,0.1937213767655492,0.15754699565852626,0.11910088053116391,1.2296100979635864
12,3000,type:attn_q,all_layer,unit,12,0.17537966504749727,0.12912594254130724,0.11910088053116391,1.3582062720773056
12,3000,type:attn_v,plain,unit,12,0.3821212225571781,3.21238002658356,0.022727172302195592,0.11895268286908534
12,3000,type:attn_v,typed,unit,12,0.3752513303107243,3.0463188344609224,0.02311208520051164,0.12318189615143448
12,3000,type:attn_v,all_layer,unit,12,0.3985036321714976,3.4355434283869983,0.02311208520051163,0.11599435154239825
12,3000,type:mlp_fc,plain,unit,12,1.1893099262812128,3.702853088616393,0.190995708835906,0.3211874459555213
12,3000,type:mlp_fc,typed,unit,12,1.1878610504853417,3.7075690367637693,0.19028828071287557,0.3203881138035913
12,3000,type:mlp_fc,all_layer,unit,12,1.253936208135316,4.131510380414044,0.19028828071287565,0.30350552042172324
12,3000,type:mlp_proj,plain,unit,12,1.0892984492705435,4.306873635621741,0.13775318386046834,0.25292092163119434
12,3000,type:mlp_proj,typed,unit,12,1.089599431075645,4.341436894928892,0.13673202547146718,0.2509766829384011
12,3000,type:mlp_proj,all_layer,unit,12,1.1771691821536934,5.06731059762428,0.13673202547146698,0.2323064985804479
13,3250,global,plain,unit,72,3.4262825627670344,44.10333962054756,0.13308983288934537,0.07768759899467441
13,3250,global,typed,unit,72,3.410384401601234,42.83783113856856,0.13575292513132647,0.07961150952226273
13,3250,global,all_layer,unit,72,3.5445701010394686,46.708010439215215,0.1344948873120322,0.07588784167230361
13,3250,type:attn_k,plain,unit,12,0.20041310194058862,0.27992350641579833,0.0717435486996706,0.7159566715447435
13,3250,type:attn_k,typed,unit,12,0.20069717345565585,0.2806230154012943,0.07176773326216605,0.7151842950894689
13,3250,type:attn_k,all_layer,unit,12,0.18315154830577718,0.23370174953322057,0.07176773326216607,0.7836978057356917
13,3250,type:attn_proj,plain,unit,12,0.3767140260560321,0.895407474541571,0.0792451824796311,0.4207179823341339
13,3250,type:attn_proj,typed,unit,12,0.3687979369252973,0.8251870629900894,0.0824127791021786,0.44692646487809345
13,3250,type:attn_proj,all_layer,unit,12,0.36300428001591983,0.7994640439591295,0.08241277910217863,0.4540595449649484
13,3250,type:attn_q,plain,unit,12,0.19496764436756628,0.20759030490444275,0.09155625636692313,0.9391943639049671
13,3250,type:attn_q,typed,unit,12,0.19508546755939815,0.2082449048906555,0.09137880149541361,0.9368078785016755
13,3250,type:attn_q,all_layer,unit,12,0.1765166932917939,0.17048890169692751,0.09137880149541358,1.0353559178038567
13,3250,type:attn_v,plain,unit,12,0.3696181207940435,3.510308832570445,0.019459478031065586,0.10529504337753337
13,3250,type:attn_v,typed,unit,12,0.3619703697081145,3.2762926284469276,0.019995550368273756,0.11048169707591125
13,3250,type:attn_v,all_layer,unit,12,0.3847136762138,3.700938707362875,0.01999555036827374,0.10395029656892911
13,3250,type:mlp_fc,plain,unit,12,1.1985285427125467,4.201010030577891,0.1709672980117903,0.2852953299299019
13,3250,type:mlp_fc,typed,unit,12,1.1973085382909427,4.200449673794473,0.17064217490902583,0.285042943321198
13,3250,type:mlp_fc,all_layer,unit,12,1.2637103057416408,4.679276203813675,0.17064217490902586,0.27006533718007486
13,3250,type:mlp_proj,plain,unit,12,1.0860411268962589,4.322638603392988,0.13643117520676804,0.25124495164684546
13,3250,type:mlp_proj,typed,unit,12,1.0865249156618262,4.321389957739311,0.13659220805098593,0.25142949983394464
13,3250,type:mlp_proj,all_layer,unit,12,1.1734735974705361,5.040698527424171,0.13659220805098596,0.23279979770386877
