diag_index,step,type,block_count,r_mean,r_std,r_min,r_max,r_max_over_min,r_measured_mean,r_measured_std,w_norm_mean,x_typed_mean,x_all_mean,typed_x_over_r_mean,typed_x_over_r_std,typed_x_over_r_min,typed_x_over_r_max,typed_x_over_r_max_over_min,all_x_over_r_mean,all_x_over_r_std,all_x_over_r_min,all_x_over_r_max,all_x_over_r_max_over_min
1,250,attn_k,12,0.48671878383661765,0.016267458866853424,0.4724802484941809,0.5359139461521939,1.134256824195677,0.4822707523581222,0.01607800835466359,56.99745718638102,0.4862113906324182,0.41922296307976864,1.0,0.031212968850807737,0.9072564618319138,1.0290618331284729,1.134256824195677,0.8622236565344196,0.026912560133838394,0.7822579839351929,0.8872814565600446,1.1342568241956767
1,250,attn_proj,12,0.4008050000164087,0.07044585039632181,0.3612681090569989,0.6291385378615018,1.7414726683285506,0.39485835605776604,0.0700639451787276,70.6219212214152,0.3924109177689501,0.41922296307976864,1.0,0.12000903525575495,0.6237273575749944,1.0862041457056417,1.7414726683285509,1.0683264509133903,0.1282088267123206,0.6663444342556809,1.1604206199491192,1.7414726683285506
1,250,attn_q,12,0.48495336940471634,0.010083219249148111,0.4627762193423592,0.5012703404761172,1.0831808539956118,0.4801339562309878,0.010396224368953601,57.17022577921549,0.48474205835963585,0.41922296307976864,1.0,0.020964821852699905,0.9670272091087966,1.0474653581994593,1.0831808539956118,0.8648371971237995,0.01813115776928878,0.836321101068102,0.9058870044694971,1.0831808539956118
1,250,attn_v,12,0.39355319553145934,0.06415571225404003,0.353215595430324,0.5969373323352566,1.6900084256132728,0.3827347590361385,0.06314861309353652,71.77882130940755,0.38608620781949105,0.41922296307976864,1.0000000000000002,0.11753553266650305,0.6467784588192824,1.0930610449097544,1.6900084256132728,1.0858273478543172,0.12762329571391348,0.7022897385890441,1.1868755754372273,1.6900084256132728
1,250,mlp_fc,12,0.4212920640167754,0.016972361298196806,0.40976172813152156,0.4701119203162945,1.1472811832866008,0.42115865742609676,0.017015016502192448,131.75937779744467,0.42065792028413024,0.41922296307976864,1.0,0.037390778813937764,0.8948037735378177,1.026591532113783,1.1472811832866008,0.9965887788267668,0.037263230597564014,0.8917513999596365,1.0230896013431747,1.147281183286601
1,250,mlp_proj,12,0.37471598549299956,0.02180399974593618,0.3577618718470369,0.4377007644930452,1.223441621191502,0.3746321869976244,0.021882513710033885,74.18301550547282,0.3735735563224379,0.41922296307976864,1.0,0.05248541390929379,0.8534907558480487,1.044196114006697,1.223441621191502,1.122196568747307,0.058898951398291655,0.9577843976702259,1.1717932962375874,1.223441621191502
2,500,attn_k,12,0.36489291851293926,0.007500840723978714,0.3567484132806247,0.38500490430026846,1.0792056529692726,0.36189921518502327,0.007427119389946131,75.9789441426595,0.364743327691787,0.32006829747967686,1.0000000000000002,0.019948871096287835,0.9473731986731284,1.022410511479622,1.0792056529692726,0.8775165251278808,0.017505464044638503,0.831335637298929,0.897182119287817,1.0792056529692726
2,500,attn_proj,12,0.3120394488921571,0.0594514060099793,0.2678788571153261,0.49079573219129036,1.8321555402933312,0.30863799870589165,0.058784983834156396,91.23420906066895,0.30375462456931657,0.32006829747967686,1.0,0.14208530817452103,0.6189023348127374,1.133925341627635,1.8321555402933312,1.0537067474560786,0.14971624793786917,0.6521415662085025,1.194824783584478,1.8321555402933312
2,500,attn_q,12,0.36318858282890343,0.006138229270787947,0.3498451685300701,0.3740943862053592,1.0693141419593588,0.35991941901509533,0.0064746118372791634,76.32610511779785,0.3630843323962553,0.32006829747967686,1.0,0.016988486237288505,0.9705687809945912,1.037842923261772,1.0693141419593588,0.8815260503457019,0.014975793174109249,0.8555816640990045,0.9148855730221873,1.0693141419593588
2,500,attn_v,12,0.30096436043429464,0.0590825040502186,0.2536692402176251,0.4695026969966276,1.8508459937587902,0.2928165985588952,0.056844642067815664,94.87079938252766,0.292111093207526,0.32006829747967686,1.0000000000000002,0.15294993875535295,0.6221712784104075,1.1515432180776877,1.8508459937587902,1.0957074377599523,0.16758838549916938,0.6817176973149014,1.2617544689497528,1.8508459937587902
2,500,mlp_fc,12,0.3182136739526788,0.013999481284967712,0.3092625337365155,0.36118153621533094,1.1678800268869594,0.31816308443823266,0.014000615779192215,174.48402531941733,0.3176544428106799,0.32006829747967686,1.0,0.039982170664470934,0.8794869365118906,1.0271352270602365,1.1678800268869596,1.0075989954607234,0.040285994997860085,0.88617015375021,1.0349404229882162,1.1678800268869594
2,500,mlp_proj,12,0.296015778028176,0.015268058731362251,0.27940483780569825,0.3370152682446815,1.2061898100670907,0.2960002747396828,0.015265709670485069,93.85229428609212,0.2952811450365233,0.32006829747967686,1.0,0.048204277770733134,0.8761654822776215,1.0568218766557853,1.206189810067091,1.0839442438496627,0.05225074941851643,0.9497145311745915,1.1455359899754367,1.206189810067091
3,750,attn_k,12,0.3202661301746308,0.00430156891709558,0.31435768502461214,0.3287967445225887,1.0459319437246972,0.3178818095658615,0.004117858879367034,86.54608790079753,0.3202087303225945,0.2845178362011942,1.0,0.013345370218143296,0.9738804767898053,1.018612700044296,1.0459319437246972,0.8885386601250893,0.011857877372502306,0.8653304539687968,0.9050767636837582,1.0459319437246972
3,750,attn_proj,12,0.281611465683106,0.0473753344021894,0.23812669010723356,0.4087786322601732,1.7166434895479017,0.27879616218104913,0.04690415496002239,100.76229985555013,0.2750315639959619,0.2845178362011942,1.0000000000000002,0.14107869061520462,0.672812965969596,1.154979997715121,1.7166434895479017,1.0344915764118319,0.14594471705264014,0.6960193457962074,1.194817078560449,1.7166434895479017
3,750,attn_q,12,0.3195688786689324,0.005428802571485445,0.3072117570826451,0.32888245212361644,1.0705399273997889,0.3169982185872044,0.005635215307586191,86.74462445576985,0.31947585334503925,0.2845178362011942,1.0,0.017140435997888143,0.9713982952941449,1.0399206605204725,1.0705399273997889,0.890576966059185,0.015264877487930869,0.8651049466581239,0.9261293867885861,1.0705399273997889
3,750,attn_v,12,0.26925004901650473,0.04936003705313631,0.22195087051114729,0.39182683027723164,1.7653764068366313,0.2632981439382298,0.04791896350126434,105.93927001953125,0.26159150347168547,0.2845178362011942,0.9999999999999999,0.15749219126653677,0.6676201915182787,1.1786009348341224,1.7653764068366313,1.0876417331038821,0.17129507985946416,0.7261315821580864,1.2818955634008407,1.7653764068366313
3,750,mlp_fc,12,0.27888413078811414,0.010568647658038522,0.2721843019018559,0.311891468748135,1.1458833833135487,0.27879757411656997,0.01054702727394745,199.00236384073892,0.27851742447924416,0.2845178362011942,1.0,0.03471933921163235,0.8929946868926968,1.0232677730976265,1.1458833833135487,1.0215441160752123,0.035467336685662404,0.9122334680816611,1.045313172777266,1.1458833833135489
3,750,mlp_proj,12,0.2646674665743501,0.012253976534697139,0.24908254996942236,0.2955111108467276,1.1863982879692088,0.2646787918893601,0.012199747515199921,104.92289352416992,0.2641255115092508,0.2845178362011942,1.0000000000000002,0.04429989988427744,0.8937921513423042,1.0603934781528257,1.1863982879692088,1.0772069482247997,0.047720159961006654,0.9627991156947217,1.1422632225184859,1.1863982879692088
4,1000,attn_k,12,0.2975233967945358,0.003400975247855776,0.29291853728655404,0.3050430140451206,1.0413919749527683,0.2953949170224655,0.0032207113237491644,93.15708351135254,0.2974847631176091,0.2666738179423482,1.0,0.01136059476488189,0.9752223438023284,1.0155887226303744,1.0413919749527683,0.8964284931693126,0.010183960846590253,0.8742170961597665,0.9104026683072933,1.0413919749527683
4,1000,attn_proj,12,0.2670920709859721,0.0398287288003088,0.22469083386018815,0.3585865144273459,1.5959107377316208,0.2646635232948587,0.039493410776057086,105.8789119720459,0.2617406280904998,0.2666738179423482,0.9999999999999999,0.1356226657456448,0.7299232334726623,1.1648923260188067,1.5959107377316208,1.0188476274693687,0.13817883122602143,0.7436805546583922,1.1868477826215358,1.5959107377316208
4,1000,attn_q,12,0.297669906208929,0.005749496215413732,0.283452281965315,0.3061754092605062,1.0801656177810264,0.2953130282281894,0.005848783210280587,93.13453038533528,0.2975568009678355,0.2666738179423482,1.0000000000000002,0.019679257295255808,0.9718507494985085,1.04975976522301,1.0801656177810264,0.8962114697932057,0.017636776105019836,0.8709837886276867,0.940806742120284,1.0801656177810264
4,1000,attn_v,12,0.25377111119101753,0.04307915262897683,0.20783720921632756,0.34409294471706725,1.6555887466662322,0.2488303291927836,0.04193284396710245,112.13249905904134,0.24714345219854908,0.2666738179423482,1.0,0.15528102800982196,0.7182462064189211,1.1891203366828775,1.6555887466662322,1.0790244110052685,0.16755201978859074,0.7750051898379449,1.2830898709036287,1.6555887466662325
4,1000,mlp_fc,12,0.2584224146091066,0.008236252335316994,0.2531846836238351,0.2843963221126065,1.123276171536283,0.2583629481728491,0.008212546883469075,214.67876942952475,0.25817935322383767,0.2666738179423482,1.0,0.02952382738505456,0.9078153729485002,1.019727376587374,1.1232761715362827,1.0329014098627243,0.03049520293056657,0.9376837786135606,1.0532778449527156,1.1232761715362827
4,1000,mlp_proj,12,0.2481286227453143,0.010435490415517305,0.23365522902190008,0.27305109094519747,1.1686068062256159,0.2480673942645224,0.010472887656149385,111.87915992736816,0.2477030837476181,0.2666738179423482,1.0,0.04083475110451546,0.9071675300404977,1.0601221499922064,1.1686068062256159,1.0765865887001194,0.04396214539202873,0.9766443965458126,1.141313289065546,1.1686068062256159
5,1250,attn_k,12,0.28808706166598014,0.003779975565558443,0.2811233572824458,0.29440749903182045,1.047253781677159,0.2859611114755796,0.0037171852313180338,96.21255302429199,0.2880373927309156,0.2598890311743324,1.0,0.013141185084904488,0.9783629618068379,1.0245943116050769,1.047253781677159,0.9022753216528403,0.011856966999381706,0.8827527560574902,0.9244661620671412,1.047253781677159
5,1250,attn_proj,12,0.2628142479934117,0.03650547160909119,0.22044369773692715,0.3340707346992299,1.5154469741199081,0.26054574830701877,0.0361312384823402,107.40080579121907,0.25803170392384334,0.2598890311743324,1.0000000000000002,0.1317636274037642,0.7723864353342836,1.170510686278602,1.515446974119908,1.0071980583092892,0.13271206967685995,0.7779461179331237,1.1789360904500814,1.515446974119908
5,1250,attn_q,12,0.28878125415370814,0.006196402047660981,0.27294862422687377,0.2972573154595775,1.0890595851199398,0.2864046175250156,0.006343689191160837,96.01002629597981,0.28864498834391467,0.2598890311743324,1.0,0.02200051743500835,0.9710273669721209,1.0575066614147655,1.0890595851199398,0.9003760386259673,0.01980873873585437,0.8742897740717616,0.9521536586251986,1.0890595851199398
5,1250,attn_v,12,0.2486096040730578,0.04025550262303154,0.2028954431420961,0.31987111147776043,1.5765317669246097,0.24387714518072898,0.038760067882821374,114.28289985656738,0.24249308475619233,0.2598890311743324,1.0,0.15293978801045172,0.7580962333106848,1.195162794200185,1.5765317669246097,1.0717379072299331,0.16391136833451114,0.8124804705672884,1.2809012718551855,1.5765317669246097
5,1250,mlp_fc,12,0.24989701991887345,0.007058656313613456,0.24543406278226731,0.2723183463097079,1.109537703213146,0.24985915891840305,0.007051551318648655,221.9589729309082,0.24971112954039962,0.2598890311743324,1.0,0.026343547124524077,0.9169823955100069,1.0174265410010617,1.109537703213146,1.040758702476199,0.02741727592394028,0.9543574081445116,1.0588955266771123,1.109537703213146
5,1250,mlp_proj,12,0.24152878801347621,0.009517483190050592,0.2275119168521182,0.26341265249872065,1.1577971657191821,0.24147301583584777,0.009536280273228259,114.91374905904134,0.24116185528733833,0.2598890311743324,1.0,0.03860099118658046,0.9155287454861706,1.0599965866583265,1.157797165719182,1.0776539717057705,0.04159851146399789,0.9866231887839731,1.1423095316069056,1.1577971657191821
6,1500,attn_k,12,0.28755237330196765,0.004216629848516325,0.2777338921893765,0.29258868384685893,1.0534857000720441,0.2855820859598024,0.004152978502761909,96.39580217997234,0.28748983144890294,0.2605723617389406,1.0,0.014834483403636538,0.9825733096341323,1.0351269309720192,1.0534857000720441,0.9063707068375164,0.013445541208123432,0.8905756651727663,0.938208728091658,1.0534857000720441
6,1500,attn_proj,12,0.2654689981905421,0.035309503219094346,0.22185969009260748,0.3243292838484465,1.4618666586664153,0.26351065460061757,0.034883163472406456,106.20803515116374,0.26092953213623576,0.2605723617389406,1.0,0.129089657809457,0.8045204214682127,1.1761015803606323,1.4618666586664153,0.9986311614696467,0.12891295491197732,0.8034191629168509,1.1744916872018252,1.4618666586664153
6,1500,attn_q,12,0.2886777689437094,0.006650866155422448,0.27151867258933204,0.2975270945565915,1.0957887047665293,0.2865353572147547,0.006722857513966264,96.05156644185384,0.28852015586730045,0.2605723617389406,1.0,0.023709408554804263,0.9697273328914323,1.0626162580858036,1.0957887047665293,0.9031339975387581,0.021412772927380003,0.8757937226768372,0.9596848690147084,1.0957887047665293
6,1500,attn_v,12,0.2502063393929627,0.039197232464535214,0.20352354299786254,0.3135871039865653,1.5407903152995852,0.24629287664091426,0.038026594400103926,113.42061996459961,0.24433663763918453,0.2605723617389406,1.0,0.15057627447970418,0.7791667276268236,1.2005325479310796,1.5407903152995852,1.0664481768130558,0.1605817933901828,0.8309409361110208,1.2803057469458323,1.5407903152995852
6,1500,mlp_fc,12,0.24919268920376011,0.006444994283634673,0.24514756744051083,0.26969617569749127,1.1001380862689472,0.24918177574684872,0.00644094181239095,222.56030400594076,0.24903644021228785,0.2605723617389406,1.0,0.024249893915692808,0.9233962608784756,1.0158633953107477,1.1001380862689472,1.046322223032176,0.025373202910162155,0.9661700284219658,1.0629204460785557,1.1001380862689472
6,1500,mlp_proj,12,0.24181513042458438,0.009161965480079543,0.22770351384552445,0.2621698540888143,1.1513649906460033,0.24180733268510315,0.009134540151293525,114.76552073160808,0.24147333401563634,0.2605723617389406,0.9999999999999999,0.03734791459233851,0.9210568272805053,1.0604725853262564,1.1513649906460033,1.0790937343088471,0.040301900626094456,0.9939066512607794,1.1443493222318677,1.1513649906460033
7,1750,attn_k,12,0.2919779200953059,0.004754187576856843,0.28017659299094416,0.2976678757792848,1.0624294934905785,0.2899432542633179,0.004699836329587336,94.93966738382976,0.29189919961550354,0.2653552950786345,0.9999999999999999,0.01656177110653697,0.9806204275530941,1.0418400641517482,1.0624294934905785,0.9090648258993744,0.015055723567549346,0.8914475382469237,0.9471001565331022,1.0624294934905785
7,1750,attn_proj,12,0.27184019932258435,0.03532126588140581,0.22644562988357553,0.3230793314008696,1.4267412957670111,0.26981898630032636,0.03495494538431987,103.6588846842448,0.2673462386318163,0.2653552950786345,1.0,0.1276719336690174,0.8274940940127768,1.1806199959313384,1.4267412957670114,0.9925529397257625,0.12672115308365578,0.8213316956180883,1.1718278476606676,1.4267412957670111
7,1750,attn_q,12,0.29341077487409445,0.007198848011803231,0.27500635131116047,0.30272274210532385,1.1007845479277794,0.29123082463938493,0.007382219871766743,94.50917625427246,0.29322880612716407,0.2653552950786345,1.0000000000000002,0.025290282048434396,0.9686381805604264,1.0662619416937957,1.1007845479277794,0.904942793933957,0.022886258496288014,0.876562141427457,0.9649060605818295,1.1007845479277794
7,1750,attn_v,12,0.25550739557326413,0.03928533948797682,0.20711389323184082,0.3201617051434948,1.5458243778224459,0.25139653583642735,0.03805847984634107,110.99686431884766,0.24967203435130106,0.2653552950786345,1.0,0.1493116145843235,0.7798310364426606,1.2054818267156089,1.5458243778224459,1.062815448146132,0.1586906905678603,0.828816472475069,1.2812047078927677,1.5458243778224459
7,1750,mlp_fc,12,0.2528004434247312,0.006177778443383392,0.24893705941113706,0.27246167834533513,1.0945002684206433,0.2527990685188237,0.006166135167543103,219.36975733439127,0.25265846357170046,0.2653552950786345,1.0,0.022987675591100376,0.9273174308625713,1.0149491769902257,1.0945002684206433,1.0502529435485577,0.024142873954892487,0.9739178613673019,1.0659533606861706,1.0945002684206433
7,1750,mlp_proj,12,0.24594890545794504,0.009114523766833589,0.23145054956168376,0.26571220661699313,1.1480301391385477,0.24593353463072928,0.009093313517806985,112.83031209309895,0.24561496292091736,0.2653552950786345,1.0,0.03667751637786925,0.9243646200829433,1.0611984434085722,1.1480301391385477,1.0803710487462161,0.039625326834565114,0.998656774022907,1.146488075233171,1.1480301391385477
8,2000,attn_k,12,0.2992145659071844,0.005185341465806771,0.2860003095284115,0.305690502477941,1.0688467539842765,0.29733336389401177,0.005165368244681725,92.64689636230469,0.2991229497071158,0.2725528559786352,1.0,0.017673256449281166,0.9785156793633157,1.0458833076101992,1.0688467539842765,0.9111733360663349,0.01610340003804741,0.8915973959586885,0.952980982531278,1.0688467539842768
8,2000,attn_proj,12,0.2803295668967097,0.03586753527079087,0.2326416297273804,0.32997818708861426,1.418396988859204,0.2783546743655938,0.035555920832869355,100.48138936360677,0.2758004551551245,0.2725528559786352,1.0,0.1266882719295229,0.8358142021098488,1.1855163475183677,1.4183969888592038,0.9882248229987051,0.1251964951035646,0.8259723419398092,1.1715566826884103,1.418396988859204
8,2000,attn_q,12,0.30101864793596883,0.007689204603865728,0.281567928186071,0.3106074628585384,1.1031350937571163,0.2989751168078086,0.007739889981402436,92.12544123331706,0.30081606720250614,0.2725528559786352,1.0,0.0263594296692651,0.968476624592592,1.0683605520715242,1.103135093757116,0.9060448749074149,0.023882826157320115,0.8774832821797505,0.967982602757661,1.103135093757116
8,2000,attn_v,12,0.2628346413546925,0.039797865583347906,0.21235199093964655,0.3286429758521749,1.5476331274218187,0.25907414906665754,0.03873322492591861,107.84421284993489,0.25697079322804633,0.2725528559786352,1.0000000000000002,0.1480969675434321,0.7819147589012612,1.2101171836956361,1.5476331274218187,1.0606374855089495,0.15707719526676625,0.8293281037633701,1.283495646886111,1.5476331274218187
8,2000,mlp_fc,12,0.2590079222366376,0.0059986958511152565,0.25533207891358145,0.2780841495558029,1.0891077640499767,0.2590010639222546,0.0059984508618881075,214.10035196940103,0.2588768553268209,0.2725528559786352,1.0,0.02185365336496592,0.9309299208183468,1.0138830045496916,1.0891077640499767,1.0528282091288113,0.023008142735158877,0.9801092813596061,1.0674446279461902,1.089107764049977
8,2000,mlp_proj,12,0.25243978083708674,0.009172076529507545,0.23738524419537368,0.27178944645095643,1.1449298265028944,0.25243599270297534,0.009164199864623806,109.92392667134602,0.252109015391696,0.2725528559786352,1.0000000000000002,0.03609840578465923,0.9275894214574969,1.0620247953752522,1.1449298265028944,1.081091271389784,0.03902567140488157,1.0028088269711992,1.1481457362797063,1.1449298265028944
9,2250,attn_k,12,0.3084169265800523,0.0055716718058694435,0.29423343312598593,0.3154913880839289,1.0722486045589545,0.3065434920558808,0.005533381572984123,89.88494618733723,0.3083142850566244,0.2812799323104059,1.0000000000000002,0.01842799926245434,0.9772510334722823,1.0478560569444508,1.0722486045589545,0.9123156011365046,0.0168121512248691,0.8915613640635355,0.955975428495804,1.0722486045589545
9,2250,attn_proj,12,0.29008207414338844,0.03686341402517338,0.2399671463288036,0.34096343376370397,1.4208754780811328,0.28830091354481646,0.03646789554712708,97.08881505330403,0.28543775002184396,0.2812799323104059,1.0000000000000002,0.12639946340831001,0.8371506201443857,1.1894867876235709,1.4208754780811328,0.9854335394981223,0.12455827061711432,0.82495629870193,1.1721601753141466,1.4208754780811328
9,2250,attn_q,12,0.3104743506251104,0.008209682091557662,0.2900279470653411,0.3205162511747614,1.1051219526184197,0.3085519259948623,0.008262217842805378,89.32403310139973,0.3102503543435251,0.2812799323104059,1.0,0.027298029824152203,0.9679707447169696,1.0697257194791234,1.1051219526184197,0.9066224369205984,0.024749006322304024,0.8775839954431455,0.9698373386308032,1.1051219526184197
9,2250,attn_v,12,0.27141136778787817,0.04074301779120867,0.21854902922622088,0.3387338806910958,1.5499216898395423,0.2681344833219235,0.03985101868957493,104.40666834513347,0.26543144571468136,0.2812799323104059,1.0,0.14753034945159554,0.783598750656827,1.2145166997741834,1.5499216898395423,1.0597083987281615,0.15633915038115642,0.8303861773039339,1.287033547146311,1.5499216898395423
9,2250,mlp_fc,12,0.26686576440896553,0.005920080066770927,0.2632660294859996,0.2856858448576166,1.0851603050169043,0.26686617641416177,0.005941093610912895,207.78772099812826,0.26674158403567716,0.2812799323104059,1.0,0.02097987625436942,0.9336884862763113,1.0132016825583736,1.0851603050169043,1.0545034938113893,0.022123352809963165,0.9845777709098377,1.0684247141933831,1.0851603050169043
9,2250,mlp_proj,12,0.26043714218716135,0.009346207133193247,0.24466927884380107,0.27972065429682297,1.143260223018841,0.2604805490203958,0.009334617602949387,106.54543940226237,0.26010322991369245,0.2812799323104059,1.0,0.03576159240778302,0.9298678017451165,1.0630808704011612,1.143260223018841,1.0814165299052239,0.03867317716550967,1.0055744114338026,1.1496332258778486,1.1432602230188407
10,2500,attn_k,12,0.3185521202601347,0.006027131564948439,0.3033214214987067,0.32635235321874434,1.0759291302481775,0.3163517863405307,0.006060586015169559,87.02793757120769,0.31843582296118367,0.2907273934302324,1.0,0.019302575103421482,0.9757423834101957,1.0498296539288154,1.0759291302481773,0.9129858278089245,0.017622977509641213,0.8908389676460106,0.9584795956505564,1.0759291302481775
10,2500,attn_proj,12,0.30027742696956505,0.038168040639913345,0.24730055616437951,0.35279650992678924,1.4265900384481427,0.2982169063858419,0.03775318503421352,93.79755528767903,0.29545346716240384,0.2907273934302324,1.0,0.12681754089889383,0.837461422800682,1.194714123352061,1.4265900384481425,0.9840039997581967,0.12478896748401028,0.8240653896790613,1.1756034759460359,1.426590038448143
10,2500,attn_q,12,0.32094593858077636,0.008758822428996374,0.29948872141079347,0.3315545584055296,1.1070685962519204,0.31849830899811626,0.008814395044731969,86.41371663411458,0.32069923619234214,0.2907273934302324,1.0000000000000002,0.028180020552414167,0.9672593184500569,1.0708224158880937,1.1070685962519204,0.9065422072158169,0.02554637803097264,0.8768613974977811,0.9707457164353659,1.1070685962519207
10,2500,attn_v,12,0.2804863605373961,0.04199752065652028,0.22490533154641276,0.3497753334194219,1.5552113905634124,0.2766851918534246,0.040908042426001746,101.02453358968098,0.2743176527165152,0.2907273934302324,1.0,0.14766330166135933,0.7842681473126522,1.2197027559567009,1.5552113905634124,1.059820214088356,0.15649655197973533,0.8311832357875732,1.2926656359421884,1.5552113905634124
10,2500,mlp_fc,12,0.27559238150159776,0.0058847435164548715,0.27202482054872257,0.29428380259110687,1.0818270259216933,0.2755833623645033,0.005890134003696589,201.2014274597168,0.27547332313684014,0.2907273934302324,1.0,0.02023491631595845,0.9360804798339412,1.0126771615221042,1.0818270259216933,1.055374038109,0.02135540534317077,0.9879150359973569,1.0687531852563432,1.0818270259216933
10,2500,mlp_proj,12,0.2692150615915566,0.009577156247656331,0.2526471360014043,0.2885289773538139,1.1420235428760614,0.26919981896486406,0.009582227261368448,103.06953112284343,0.2688749295664547,0.2907273934302324,1.0,0.035548112968922,0.9318818928774074,1.0642310608459071,1.1420235428760614,1.081273713019706,0.03843724010075027,1.0076193944073861,1.1507250706717547,1.1420235428760614
11,2750,attn_k,12,0.32861154041704527,0.006502707887004561,0.312374798729017,0.33712183409509144,1.0792222530971274,0.32663450925724774,0.006514173031435177,84.36673291524251,0.32848033772912844,0.29990969874060575,1.0000000000000002,0.020184456792450716,0.974366844588519,1.05155838135996,1.0792222530971274,0.9130217681032629,0.01842884842884727,0.8896181392274066,0.9600956926130758,1.0792222530971274
11,2750,attn_proj,12,0.3099329824543138,0.03958751677090042,0.2541697223624776,0.3641651651106209,1.432763752211509,0.3081388562115378,0.03922083218667827,90.89310963948567,0.3048945407525486,0.29990969874060575,1.0,0.12772629758020837,0.8372424656815599,1.1995706566407274,1.432763752211509,0.9836506025997083,0.1256380495826016,0.823554055889732,1.179958399265579,1.4327637522115089
11,2750,attn_q,12,0.33129678816501223,0.00932181591875533,0.30893732204716984,0.3424458179285203,1.1084637351657831,0.32920221767835167,0.009452321022047013,83.71789932250977,0.331026138321303,0.29990969874060575,1.0000000000000002,0.029047992373878537,0.9666525943394615,1.0714993453292139,1.108463735165783,0.9060000526287904,0.026317482619494667,0.8757873013453088,0.9707784632599822,1.1084637351657831
11,2750,attn_v,12,0.28911408031429736,0.043348533550120985,0.23088256553254435,0.36030421695012105,1.5605518594228107,0.28610439982393,0.04255666726157918,98.02210807800293,0.28272002576244376,0.29990969874060575,1.0,0.14830776867311615,0.7846703215288271,1.2245187292957058,1.5605518594228107,1.0608010448916896,0.1573250359739966,0.8323790969732778,1.2989707475263288,1.5605518594228107
11,2750,mlp_fc,12,0.28421099367262476,0.005879217480341145,0.28067433222260113,0.30287449472147804,1.0790958058867672,0.2842075242415718,0.0059067574420898885,195.09499740600586,0.284095576919687,0.29990969874060575,1.0,0.01963414017902541,0.9379976916872448,1.012189375031175,1.0790958058867675,1.0556647941949107,0.020727070551284865,0.9902111401503164,1.0685326882785604,1.0790958058867672
11,2750,mlp_proj,12,0.27782186878110704,0.00984537669294736,0.26044221830015457,0.2973054648398138,1.141540978955935,0.2778815273629321,0.009841222026799016,99.87579345703125,0.27747276854450914,0.29990969874060575,0.9999999999999999,0.03549074625434006,0.9332918542012325,1.0653908968964747,1.141540978955935,1.0808617375816376,0.038360589664535004,1.0087594552027326,1.151540256023183,1.1415409789559352
12,3000,attn_k,12,0.3370066146011197,0.006885019095780549,0.3199437738359509,0.3460555504136554,1.0816136418741285,0.3350115692286825,0.006893788730358986,82.26726150512695,0.3368631994560188,0.30749994130445635,1.0,0.020838545759545794,0.973436776417403,1.052882496875039,1.0816136418741285,0.9128332860372416,0.01902211820192363,0.8885854913665976,0.9611061894335376,1.0816136418741287
12,3000,attn_proj,12,0.31779212950993274,0.04092444470869581,0.2596122080936988,0.37359631058072673,1.4390552483028418,0.3159882041265001,0.040592430088853465,88.67100652058919,0.31253522440468956,0.30749994130445635,1.0,0.12893153257651088,0.83655864780591,1.2038541126382234,1.4390552483028418,0.9838889100906169,0.12685430506301618,0.823080776216637,1.1844587107917284,1.4390552483028418
12,3000,attn_q,12,0.3399512368842487,0.009808893865574497,0.3168175027838333,0.3515164520925401,1.1095234606794504,0.3378248472472655,0.009936863153906352,81.59006182352702,0.33965917296450515,0.30749994130445635,0.9999999999999999,0.029789458593927128,0.9662682100440823,1.0720972483526483,1.1095234606794504,0.905319113335386,0.026968966240995287,0.8747810791612792,0.9705901302879267,1.1095234606794504
12,3000,attn_v,12,0.29617525715648524,0.04459923215159206,0.23563279676133517,0.3691401915809826,1.5665908848625718,0.2933522299216958,0.04403551355516079,95.70742162068684,0.2895576168683663,0.30749994130445635,1.0000000000000002,0.14921163343838692,0.7844109730458398,1.2288510803597932,1.5665908848625718,1.0619646087370815,0.15845747392341739,0.8330166920796986,1.3049963567504277,1.5665908848625718
12,3000,mlp_fc,12,0.29140976402639174,0.005894870372791309,0.2878828848725414,0.3101234394097372,1.0772555636540975,0.291410167752665,0.005913988406985708,190.27221298217773,0.29129647978286577,0.30749994130445635,1.0,0.01922000085543495,0.9392920455715793,1.0118575819880218,1.0772555636540975,1.055625325557208,0.020289119660228335,0.9915404713997943,1.0681424894036349,1.0772555636540975
12,3000,mlp_proj,12,0.28498354958805905,0.010096846228874913,0.2668928910926527,0.30464723017148865,1.1414587661899522,0.2850346309428238,0.01012291400331959,97.36605834960938,0.28462498524480134,0.30749994130445635,1.0,0.03554454791211745,0.9342772789517351,1.0664389901115534,1.1414587661899522,1.0803687562424662,0.03840121901901505,1.0093639818466817,1.1521473653552907,1.1414587661899522
13,3250,attn_k,12,0.341444474723948,0.007076842402017376,0.3240808044437582,0.35084731388385443,1.082592085285759,0.33931422484478085,0.007064984390555895,81.19899431864421,0.34129502654121985,0.3114578619309607,1.0,0.021126706116805866,0.9727736626029955,1.053117067908442,1.082592085285759,0.9125766205483935,0.01927973807139377,0.8877305015767248,0.9610500148737192,1.082592085285759
13,3250,attn_proj,12,0.32182348717805725,0.041709943290075706,0.26225817549725994,0.3787026510309448,1.4440070373893892,0.3198553036808866,0.04133666258275948,87.57992617289226,0.31642882258651306,0.3114578619309607,1.0,0.12983232443506298,0.8355600937175822,1.2065546554899262,1.4440070373893892,0.9842904302619484,0.12779271448009702,0.822433804154993,1.1876002009867364,1.444007037389389
13,3250,attn_q,12,0.3445271163548429,0.010095421546610958,0.3209467427430105,0.3563659685504752,1.1103585769550113,0.3422957902298121,0.01016777597790868,80.5085817972819,0.3442218494282017,0.3114578619309607,0.9999999999999999,0.030252356099203962,0.9659223377258219,1.0725201523663013,1.110358576955011,0.9048172347232857,0.027372853189545875,0.8739831785785298,0.9704347184490738,1.1103585769550113
13,3250,attn_v,12,0.29980291459457575,0.04532697860052422,0.23797310074782727,0.37381938593257064,1.570847229194595,0.29638059169773584,0.044509492389315834,94.56837272644043,0.29304525521727404,0.3114578619309607,0.9999999999999999,0.14993672545294973,0.7839220389445865,1.231421762780681,1.570847229194595,1.0628319564499855,0.1593575432568629,0.8331773943557366,1.3087944013512811,1.570847229194595
13,3250,mlp_fc,12,0.29520525022794725,0.005923741388669511,0.29169707061680805,0.3140063646477224,1.0764810355611054,0.295214681226869,0.005954733001759742,187.82472229003906,0.2950922816039934,0.3114578619309607,0.9999999999999999,0.019072949375522865,0.9397652876719607,1.0116395100574922,1.0764810355611052,1.0554591947915786,0.02013071979018991,0.991883913819324,1.067744222704628,1.0764810355611054
13,3250,mlp_proj,12,0.28874446365758,0.010237507886561081,0.2702777737411602,0.3085462084656202,1.1415892775597187,0.2887379489158826,0.010269133741618607,96.09813181559245,0.28838035035146725,0.3114578619309607,0.9999999999999999,0.035598588797767915,0.9346423402366977,1.0669776739675367,1.141589277559719,1.0800245632248084,0.038447350317728855,1.0094366852855523,1.152362096297411,1.141589277559719
