diag_index,step,scope,candidate,x_source,valid_block_count,skipped_cross_terms,xbar,ybar,lbar,c1,c2,rhs_variance,lhs_sufficient,lhs_exact,ratio_rhs_over_lhs_sufficient,ratio_rhs_over_lhs_exact,condition_sufficient,condition_exact
1,250,global,plain_control,plain,72,0,1.0,5.065628075618536e-05,0.0012607367855276645,0.0,0.0,0.0,0.0,0.0,nan,nan,False,False
1,250,global,typed_aggregate,typed,72,0,1.0,5.065628075618536e-05,0.0012607370817853288,-0.03764256022241258,-0.09480266687493384,0.004219727021832638,0.01951754643010868,0.02093450877020664,0.21620171556620912,0.20156799799563607,True,True
1,250,global,all_layer,all_layer,72,0,0.998862926275589,5.065628075618536e-05,0.0012607364432542208,-0.005669127824214872,-0.03451008256064091,0.011922048845005648,0.023171826912211167,0.023203965922498456,0.5145062100702524,0.5137935853218129,True,True
1,250,type:attn_k,typed_by_type,typed,12,0,1.0,3.392981058225789e-05,0.00010068888029868332,-0.009566151954430733,-0.015526055886369398,0.0009742494244814941,-0.0036062480224920666,-0.003514736759276809,-0.2701559677551649,-0.27718986974203874,False,False
1,250,type:attn_proj,typed_by_type,typed,12,0,1.0,5.2493457563546494e-05,0.00019140611762924194,-0.08478568671928753,-0.1909245774226066,0.014402168543017034,0.021353203984031538,0.02854181665649272,0.6744734211215955,0.5045988738681361,True,True
1,250,type:attn_q,typed_by_type,typed,12,0,1.0,2.7858878736589943e-05,6.177404504785649e-05,0.004248604081165015,0.012842048814018575,0.00043952375531544337,-0.004344840651688544,-0.004326790015050052,-0.1011599251964811,-0.10158194730657827,False,False
1,250,type:attn_v,typed_by_type,typed,12,0,1.0,6.694774872243252e-05,0.0005151402174602372,-0.07091888774592486,-0.15031603096910803,0.013814601439198607,0.008478255477258306,0.013507744116377396,1.6294155650598494,1.0227171406400246,False,False
1,250,type:mlp_fc,typed_by_type,typed,12,0,1.0,3.8157188959152633e-05,0.0003098086190341641,-0.021205828330787685,-0.05906628405069054,0.0013980703403128176,0.01665462738911517,0.01710431454431001,0.08394485854583232,0.0817378759429974,True,True
1,250,type:mlp_proj,typed_by_type,typed,12,0,0.9999999999999998,0.00012204787536423094,0.00070482290446269,-0.03703546318007886,-0.09142388323499201,0.002754718673229889,0.01735295687483429,0.01872458240779727,0.15874635620312372,0.1471177628016298,True,True
2,500,global,plain_control,plain,72,0,1.0,4.428225476710106e-05,0.0009486611035882417,0.0,0.0,0.0,0.0,0.0,nan,nan,False,False
2,500,global,typed_aggregate,typed,72,0,1.0,4.428225476710106e-05,0.0009486616560457657,-0.03019677167287703,-0.09211981209166235,0.005887381440726134,0.031726268745908295,0.032638113765372165,0.18556803788927823,0.18038363010341696,True,True
2,500,global,all_layer,all_layer,72,0,1.0025329984869078,4.428225476710106e-05,0.0009486626892167409,-0.0037323343680183488,-0.03920263194524925,0.012000904332848769,0.03173796320921255,0.03175189352904724,0.3781245902183564,0.3779586978606524,True,True
2,500,type:attn_k,typed_by_type,typed,12,0,1.0000000000000002,2.7245196984795104e-05,6.853863983523568e-05,-0.0021932406371731814,-0.00296991870982446,0.0003979574580163082,-0.0014165625645219029,-0.0014117522600293553,-0.2809317907893612,-0.28188901784229003,False,False
2,500,type:attn_proj,typed_by_type,typed,12,0,1.0,4.4805963635427796e-05,0.00013372114391972098,-0.07235814083698723,-0.19009357830951745,0.02018823479904862,0.04537729663554299,0.050612997180928265,0.4448972569078881,0.3988745168929819,True,True
2,500,type:attn_q,typed_by_type,typed,12,0,1.0,2.3014232370348288e-05,4.6032979681059634e-05,0.0017657093360313554,0.00754017654181356,0.000288608664634541,-0.004008757869750849,-0.004005640140291501,-0.07199453646535117,-0.07205057232463678,False,False
2,500,type:attn_v,typed_by_type,typed,12,0,1.0000000000000002,6.0368256921065886e-05,0.0004809587902325313,-0.0630795665974548,-0.1518001443235812,0.023393683765266213,0.025641011128671592,0.029620042850794323,0.9123541832212524,0.7897923673881134,True,True
2,500,type:mlp_fc,typed_by_type,typed,12,0,1.0,3.3389305649772055e-05,0.00022690018342149773,-0.01710640572889598,-0.056657644313587,0.0015985739710428803,0.022444832855795037,0.02273746197275664,0.07122236023380071,0.07030573478070001,True,True
2,500,type:mlp_proj,typed_by_type,typed,12,0,1.0,0.00010954942039318419,0.0004946006367044099,-0.024470669417548368,-0.0758533329360929,0.002323652395397996,0.026911994100996157,0.027510807762739092,0.08634263171572207,0.08446325587521183,True,True
3,750,global,plain_control,plain,72,0,1.0,4.103284068293889e-05,0.0008475718468962893,0.0,0.0,0.0,0.0,0.0,nan,nan,False,False
3,750,global,typed_aggregate,typed,72,0,1.0000000000000002,4.103284068293889e-05,0.0008475726813196793,-0.01693063202037897,-0.052184419941140925,0.005773676877668843,0.018323155900382984,0.018609802200992467,0.3151027535353865,0.31024923399566984,True,True
3,750,global,all_layer,all_layer,72,0,1.007181372025071,4.103284068293889e-05,0.0008475726160245059,0.008539620451699507,0.0033290785017778034,0.010837733116031853,0.013750162401621212,0.013823087519080297,0.7881894627480204,0.7840312883118408,True,True
3,750,type:attn_k,typed_by_type,typed,12,0,1.0,2.2139213424393853e-05,4.133415303291177e-05,0.00014353625758922197,0.0013628173284503807,0.00017809890625930606,-0.0010757448132719368,-0.001075724210614694,-0.1655586939040017,-0.16556186474369317,False,False
3,750,type:attn_proj,typed_by_type,typed,12,0,1.0,3.9867194855209546e-05,0.00010574064330409096,-0.04988868344740634,-0.13500395248013533,0.019903196945700623,0.035226585585322656,0.03771546632143817,0.5650049987811875,0.5277197629235536,True,True
3,750,type:attn_q,typed_by_type,typed,12,0,1.0,1.976949726034189e-05,2.8594660171042877e-05,0.0015601464753989636,0.0073345024709594335,0.0002937945461976996,-0.004214209520161506,-0.004211775463136806,-0.06971522056322443,-0.06975551018070894,False,False
3,750,type:attn_v,typed_by_type,typed,12,0,1.0,5.005690801462566e-05,0.0003743913532379578,-0.040997320418369045,-0.10592700655085248,0.0248037903099354,0.02393236571411439,0.025613145995600814,1.0364119705603143,0.9684007702214938,False,True
3,750,type:mlp_fc,typed_by_type,typed,12,0,1.0,3.150352055376825e-05,0.00020640550928205425,-0.007921522455852705,-0.025033757438840024,0.0012054325152923912,0.009190712527134614,0.009253463045153194,0.13115767811619375,0.13026825842502027,True,True
3,750,type:mlp_proj,typed_by_type,typed,12,0,1.0000000000000002,0.00011144867037680606,0.0005829546684444629,-0.011189761898121531,-0.03069880276538829,0.001962481129757004,0.008319278969145229,0.00844448974048188,0.23589557905625094,0.23239783457241978,True,True
4,1000,global,plain_control,plain,72,0,1.0,3.828744109109667e-05,0.0006478143592859875,0.0,0.0,0.0,0.0,0.0,nan,nan,False,False
4,1000,global,typed_aggregate,typed,72,0,1.0,3.828744109109667e-05,0.0006478154624223897,-0.012646741341904024,-0.03805479582114818,0.005352904870718274,0.012761313137340132,0.012921253203909158,0.41946348413436013,0.4142713393387278,True,True
4,1000,global,all_layer,all_layer,72,0,1.0109671366209079,3.828744109109667e-05,0.0006478154105855064,0.009374513308479392,0.01028845537045459,0.009832760436475234,0.008460571246504194,0.008548452746275052,1.1621863524331189,1.1502386137374174,False,False
4,1000,type:attn_k,typed_by_type,typed,12,0,1.0,2.2262639139611954e-05,4.086381360535915e-05,0.0010624365653659367,0.0025785967064046035,0.00012906311341186183,-0.00045372357567273003,-0.0004525948042173036,-0.28445317883361393,-0.28516260507024066,False,False
4,1000,type:attn_proj,typed_by_type,typed,12,0,1.0,3.923068311060736e-05,9.800765642811233e-05,-0.03717289662731458,-0.10188679785647405,0.018393507463954895,0.027541004601844887,0.02892282884550991,0.6678589880749219,0.6359511914343874,True,True
4,1000,type:attn_q,typed_by_type,typed,12,0,1.0000000000000002,2.00335240013913e-05,2.7528671142824036e-05,0.0005988020200634644,0.002275216330378185,0.00038727316769287905,-0.0010776122902512561,-0.001077253726392024,-0.35938080067979034,-0.3595004205647521,False,False
4,1000,type:attn_v,typed_by_type,typed,12,0,1.0000000000000002,4.770243025334604e-05,0.00032486209871086596,-0.02912679273458255,-0.07797217864746829,0.02411219765978711,0.01971859317830319,0.02056696323330652,1.2228153115060105,1.172375201251849,False,False
4,1000,type:mlp_fc,typed_by_type,typed,12,0,1.0,2.8523134506859787e-05,0.00014452201751552455,-0.005772247733247943,-0.015131718791055895,0.0008716563834624976,0.0035872233245600096,0.0036205421684539964,0.2429891603053207,0.24075299855841828,True,True
4,1000,type:mlp_proj,typed_by_type,typed,12,0,1.0,0.00010126515528747422,0.0004171351872604958,-0.008761589416064362,-0.022339841735586233,0.0016674768977677265,0.0048166629034575095,0.0048934283525532,0.34618924578898264,0.34075841672387047,True,True
5,1250,global,plain_control,plain,72,0,1.0,3.793368920540411e-05,0.0007098730381350741,0.0,0.0,0.0,0.0,0.0,nan,nan,False,False
5,1250,global,typed_aggregate,typed,72,0,1.0,3.793368920540411e-05,0.0007098734489750514,-0.011345914013837843,-0.04043387689322166,0.005074990244124254,0.01774204886554597,0.017870778630355372,0.28604307668093454,0.2839826036177213,True,True
5,1250,global,all_layer,all_layer,72,0,1.0135862341587332,3.793368920540411e-05,0.0007098735518671069,0.009359780144214168,-0.0013605068131959958,0.009240194256678881,0.020080067101624334,0.02016767258597236,0.46016749893885645,0.4581685971590944,True,True
5,1250,type:attn_k,typed_by_type,typed,12,0,1.0,2.1729815151169158e-05,5.1255212601191334e-05,0.0014074162629472082,0.005397419459586582,0.00017269074543571614,-0.0025825869336921657,-0.0025806061131549572,-0.06686735040079786,-0.06691867641303484,False,False
5,1250,type:attn_proj,typed_by_type,typed,12,0,1.0000000000000002,3.9460413577970995e-05,0.00010893467568460737,-0.033266086110695384,-0.09605974577304925,0.017361653506598004,0.029527573551658484,0.030634206036782685,0.5879810434211195,0.5667407696400474,True,True
5,1250,type:attn_q,typed_by_type,typed,12,0,0.9999999999999998,2.0073854777442447e-05,4.5019713934562195e-05,0.0006125077621589411,0.0034171158212272777,0.0004840227674081063,-0.0021921002969093953,-0.0021917251311506904,-0.22080320325238847,-0.22084099895956694,False,False
5,1250,type:attn_v,typed_by_type,typed,12,0,1.0,4.7760318873182826e-05,0.00036564871512488714,-0.030089894558306813,-0.10006342818107007,0.023390578756681914,0.039883639064456446,0.04078904081898647,0.5864705253921315,0.573452532519325,True,True
5,1250,type:mlp_fc,typed_by_type,typed,12,0,1.0,2.8047469603473313e-05,0.00014888128665373573,-0.004461803715536169,-0.013923432292492493,0.000693982475102021,0.004999824861420156,0.005019732553816127,0.1388013569149103,0.13825088640916497,True,True
5,1250,type:mlp_proj,typed_by_type,typed,12,0,1.0,0.00010018892205497833,0.0004425937638958488,-0.006647880480637712,-0.015380867096063856,0.0014900365205864623,0.002085106134788432,0.0021293004496732767,0.7146094367698222,0.6997774883366488,True,True
6,1500,global,plain_control,plain,72,0,1.0,3.698941498130627e-05,0.0006441820937082915,0.0,0.0,0.0,0.0,0.0,nan,nan,False,False
6,1500,global,typed_aggregate,typed,72,0,1.0,3.698941498130627e-05,0.0006441833520586412,-0.009222166105502583,-0.03441463304160926,0.004874072031723038,0.015970300830604092,0.016055349178281574,0.3051960062256806,0.30357932285373795,True,True
6,1500,global,all_layer,all_layer,72,0,1.0154407410107253,3.698941498130627e-05,0.0006441831201522826,0.011184915785446954,0.0037423984636404286,0.008890393778137424,0.01862743310725348,0.01875253544838102,0.47727422919454887,0.4740902264981436,True,True
6,1500,type:attn_k,typed_by_type,typed,12,0,1.0,2.0657172094452925e-05,4.909892415716314e-05,0.0015864054998848578,0.005379857102627852,0.0002200618978527679,-0.002207046102858136,-0.002204529420448071,-0.09970879066268105,-0.09982261783924856,False,False
6,1500,type:attn_proj,typed_by_type,typed,12,0,1.0,3.7979544789655394e-05,0.0001000338221530254,-0.03070881672669525,-0.09576258566787858,0.016664139753362707,0.034344952214488085,0.03528798363924184,0.4851990956136227,0.4722326989188304,True,True
6,1500,type:attn_q,typed_by_type,typed,12,0,1.0000000000000002,1.9433966133963188e-05,4.1283635694669435e-05,0.0005412107136119415,-0.0007884389010837248,0.0005621360540186257,0.001870860328307608,0.0018711532373441363,0.30046927903331916,0.3004222437797271,True,True
6,1500,type:attn_v,typed_by_type,typed,12,0,1.0,4.421391885603158e-05,0.0003618109289413009,-0.02540356936419387,-0.0758008594925023,0.022673214436187215,0.02499372076411456,0.02563906210055597,0.907156427415198,0.8843230827735917,True,True
6,1500,type:mlp_fc,typed_by_type,typed,12,0,0.9999999999999998,2.7507233170592375e-05,0.0001240179835930726,-0.0031713644260094906,-0.008524542357127924,0.000588057354922355,0.002181813505108943,0.002191871057431501,0.26952686540135423,0.26829012269155006,True,True
6,1500,type:mlp_proj,typed_by_type,typed,12,0,1.0,0.0001005912002752838,0.0004345872247034679,-0.004721597962424219,-0.015262453490009043,0.0013948667243966117,0.005819257565160604,0.005841551052479372,0.23969839945692717,0.23878362302501463,True,True
7,1750,global,plain_control,plain,72,0,1.0,3.8943847400079065e-05,0.000733532862931512,0.0,0.0,0.0,0.0,0.0,nan,nan,False,False
7,1750,global,typed_aggregate,typed,72,0,1.0,3.8943847400079065e-05,0.0007335348496052773,-0.008786419595919281,-0.033484589258547505,0.0047741049609793095,0.015911750066708943,0.015988951236024496,0.3000364473401226,0.2985877491591091,True,True
7,1750,global,all_layer,all_layer,72,0,1.0167509811828526,3.8943847400079065e-05,0.0007335362496627446,0.011237683136493985,0.004235852238009123,0.008731152616901954,0.018239514034978845,0.018365799557255084,0.4786943665361795,0.47540280452711714,True,True
7,1750,type:attn_k,typed_by_type,typed,12,0,1.0,2.1486036063343698e-05,4.8482860858238665e-05,0.0015096274779605313,0.004733434220230511,0.00027429226218532286,-0.0017141792643094482,-0.0017119002891872346,-0.16001375579340044,-0.1602267748406945,False,False
7,1750,type:attn_proj,typed_by_type,typed,12,0,1.0,4.057495893857582e-05,0.00011344898288278464,-0.028411993331384982,-0.07909159048091474,0.016300122646785983,0.022267603818144778,0.023074845183207446,0.7320106276322292,0.7064022539422401,True,True
7,1750,type:attn_q,typed_by_type,typed,12,0,1.0000000000000002,1.999061482398432e-05,3.804116092367742e-05,0.000827144321102847,0.005209150620936314,0.000639598366089363,-0.0035548619787306194,-0.0035541778110026873,-0.17992213760089576,-0.17995677203018795,False,False
7,1750,type:attn_v,typed_by_type,typed,12,0,1.0,4.776597801870158e-05,0.0004434972103828434,-0.02538445733343306,-0.08803480507481697,0.022293958249777566,0.03726589040795084,0.037910261082063725,0.5982403212622837,0.5880718732460902,True,True
7,1750,type:mlp_fc,typed_by_type,typed,12,0,1.0,2.9066770942886264e-05,0.00015175357874251905,-0.0029700963262764626,-0.00763622571141705,0.0005284332290816721,0.001696033058864125,0.0017048545310514862,0.311570123188269,0.30995795797061676,True,True
7,1750,type:mlp_proj,typed_by_type,typed,12,0,1.0000000000000002,0.00010440995498456108,0.0004616588423125591,-0.004002593021759111,-0.008202540950215503,0.0013452402076488674,0.00019735490669728177,0.00021337565759511727,6.816350452904122,6.304562679785508,False,False
8,2000,global,plain_control,plain,72,0,1.0,3.937805966737463e-05,0.0006513445052176108,0.0,0.0,0.0,0.0,0.0,nan,nan,False,False
8,2000,global,typed_aggregate,typed,72,0,1.0,3.937805966737463e-05,0.0006513448958378238,-0.006661439588767318,-0.02951860126598864,0.004689246347537597,0.016195722088454004,0.016240096865848798,0.28953610848142297,0.2887449740154312,True,True
8,2000,global,all_layer,all_layer,72,0,1.017609403042937,3.937805966737463e-05,0.0006513450587911386,0.014336124600515513,0.016385509305614384,0.008616012857265742,0.012286739895416642,0.01249226436397815,0.7012448322829555,0.68970785489541,True,True
8,2000,type:attn_k,typed_by_type,typed,12,0,1.0,2.0383583336835116e-05,3.0402458534870766e-05,0.0012433565492553725,4.304461706070194e-05,0.00031234399352205827,0.002443668481450043,0.0024452144169586193,0.1278176626220252,0.12773685258675788,True,True
8,2000,type:attn_proj,typed_by_type,typed,12,0,1.0,4.053148265639706e-05,0.00010713959715096457,-0.024341583554447266,-0.08117022037050754,0.01604991824448874,0.03248705326161301,0.03307956595155115,0.4940404448270926,0.4851913192572026,True,True
8,2000,type:attn_q,typed_by_type,typed,12,0,1.0,1.9155393068001794e-05,1.98914885471721e-05,0.0004676546257540924,-0.0019440695309797713,0.0006948195324889331,0.002879378782487956,0.0028795974833369454,0.24130883255608604,0.24129050553404424,True,True
8,2000,type:attn_v,typed_by_type,typed,12,0,1.0,4.6496065379222066e-05,0.0004097753299201453,-0.020555979671788686,-0.0757779701275374,0.02193271179556038,0.034666010783960026,0.03508855908422701,0.6326863489498668,0.6250673258743064,True,True
8,2000,type:mlp_fc,typed_by_type,typed,12,0,1.0,2.9684578556928036e-05,0.00013297775406131694,-0.0019764259994321737,-0.0039645483391500475,0.0004775821653960862,1.1696340285700067e-05,1.560260001693195e-05,40.8317605105913,30.609139815018892,False,False
8,2000,type:mlp_proj,typed_by_type,typed,12,0,1.0000000000000002,0.00010909769833820351,0.0004820859124291372,-0.001998970885024015,-0.005249156471945321,0.0013030949001939186,0.0012512147018972908,0.0012552105864964648,1.0414638656482846,1.0381484304009163,False,False
9,2250,global,plain_control,plain,72,0,1.0,3.9480317234308695e-05,0.0006792909175607959,0.0,0.0,0.0,0.0,0.0,nan,nan,False,False
9,2250,global,typed_aggregate,typed,72,0,1.0,3.9480317234308695e-05,0.000679288512799261,-0.00657986465530192,-0.03753318519569937,0.004651812696716772,0.02437345588509553,0.02441675050397762,0.19085568819813423,0.1905172719833856,True,True
9,2250,global,all_layer,all_layer,72,0,1.0181678312704632,3.9480317234308695e-05,0.0006792891744312917,0.01436435433559659,0.007442559268063248,0.00857781926660517,0.02128614940312993,0.0214924840786085,0.40297656021073885,0.39910785720403,True,True
9,2250,type:attn_k,typed_by_type,typed,12,0,1.0000000000000002,2.036292251977976e-05,2.704463081080871e-05,0.0016271492239887813,0.0002939775237098304,0.0003395911568170178,0.0029603209242677325,0.0029629685388648597,0.11471430480160504,0.11461179974159236,True,True
9,2250,type:attn_proj,typed_by_type,typed,12,0,1.0000000000000002,3.969208042807847e-05,0.00010129288642777159,-0.025655187299608403,-0.0995675812175626,0.015976824349908703,0.04825720661834579,0.04891539525372378,0.3310764436960768,0.32662159361152127,True,True
9,2250,type:attn_q,typed_by_type,typed,12,0,1.0,1.9462050422493903e-05,2.052012944167992e-05,0.0008118175215228262,-0.00048259943225679595,0.0007451824322803031,0.0021062344753024482,0.0021068935229906997,0.35379842131455824,0.35368775125499896,True,True
9,2250,type:attn_v,typed_by_type,typed,12,0,1.0,4.4073200383502166e-05,0.00045696217365952474,-0.02228475957868425,-0.09308082794944456,0.0217652040093099,0.048511308792076054,0.04900791930155581,0.4486624779099977,0.4441160595981258,True,True
9,2250,type:mlp_fc,typed_by_type,typed,12,0,1.0,3.022109345226042e-05,0.00013452582480215006,-0.0017676147085755075,-0.002825708198825963,0.0004401552076486538,-0.0007095212183250519,-0.0007063967565670796,-0.6203552427758491,-0.623099134525622,False,False
9,2250,type:mlp_proj,typed_by_type,typed,12,0,1.0,0.00011084822754588224,0.0005104024222161987,-0.0015585636072426553,-0.012057952210601852,0.0012788914915404042,0.008940824996116542,0.008943254116634363,0.14303953965052355,0.14300068798913795,True,True
10,2500,global,plain_control,plain,72,0,1.0,4.5616901774492507e-05,0.0009534625655173609,0.0,0.0,0.0,0.0,0.0,nan,nan,False,False
10,2500,global,typed_aggregate,typed,72,0,1.0,4.5616901774492507e-05,0.0009534609729885304,-0.006363016101791447,-0.03174080617514188,0.004661701998893392,0.019014773971558985,0.01905526194547064,0.2451621042598798,0.24464119214070737,True,True
10,2500,global,all_layer,all_layer,72,0,1.018458012703,4.5616901774492507e-05,0.0009534615022949361,0.01286647490346621,-0.00347161140886334,0.008598825134899199,0.02920456121579576,0.02937010739223729,0.29443432042555,0.2927747256781201,True,True
10,2500,type:attn_k,typed_by_type,typed,12,0,1.0,2.5231443121751108e-05,7.154981649692717e-05,0.0015261661291668639,0.005534203896193201,0.0003725894056232268,-0.002481871637859473,-0.002479542454805657,-0.15012436579700472,-0.15026538662449715,False,False
10,2500,type:attn_proj,typed_by_type,typed,12,0,1.0000000000000002,4.7076643790223715e-05,0.00015515123450704054,-0.02450528769471947,-0.08843822037376467,0.01608268867964261,0.03942764498432573,0.0400281541093267,0.40790386253189115,0.4017844199289542,True,True
10,2500,type:attn_q,typed_by_type,typed,12,0,1.0,2.4329883759994158e-05,6.465838961505662e-05,2.7047367718369724e-05,-0.00103351391864081,0.0007941135583344848,0.0010876086540775494,0.0010876093856376499,0.7301464137465961,0.7301459226272743,True,True
10,2500,type:attn_v,typed_by_type,typed,12,0,1.0,5.217858314096322e-05,0.0005304225120346692,-0.02120349779924966,-0.07865336403122561,0.0218044506575336,0.036246368432726286,0.03669595675164907,0.6015623523223557,0.5941921832179436,True,True
10,2500,type:mlp_fc,typed_by_type,typed,12,0,0.9999999999999998,3.4016678255931956e-05,0.0001644376703824803,-0.0017098119446180564,0.0016327171382277898,0.00040945183831384154,-0.005052341027463903,-0.005049417570577944,-0.08104200331848381,-0.08108892413644782,False,False
10,2500,type:mlp_proj,typed_by_type,typed,12,0,1.0000000000000002,0.00012566884913377252,0.0006483414180599427,-0.00126420743933759,-0.009799676531386763,0.0012636683356512404,0.007271261652711583,0.00727285987316126,0.17378941867399256,0.1737512282224087,True,True
11,2750,global,plain_control,plain,72,0,1.0,4.035824382716881e-05,0.0006220420379522789,0.0,0.0,0.0,0.0,0.0,nan,nan,False,False
11,2750,global,typed_aggregate,typed,72,0,1.0000000000000002,4.035824382716881e-05,0.0006220419482225039,-0.005273037231219602,-0.03665627439619492,0.004706887823474903,0.026110199933755716,0.026138004855397544,0.18027007971661516,0.1800783131503215,True,True
11,2750,global,all_layer,all_layer,72,0,1.0185549313983036,4.035824382716881e-05,0.0006220419008681389,0.01529085518578818,0.0014764425654311645,0.008670573367769187,0.029105267806145196,0.02933907805845794,0.29790391985118614,0.2955298510230322,True,True
11,2750,type:attn_k,typed_by_type,typed,12,0,1.0000000000000002,2.1064069155582387e-05,4.624600867806476e-05,0.0012176727352310346,0.006218629041483504,0.0004074122960063098,-0.0037832835710214347,-0.0037818008441313096,-0.10768748584614134,-0.10772970677145574,False,False
11,2750,type:attn_proj,typed_by_type,typed,12,0,1.0,4.0282960717336866e-05,0.00010314264264031811,-0.02210135335045003,-0.09446461660623712,0.016314007093547942,0.050261909905337056,0.050750379725258504,0.32457992790710966,0.3214558626332494,True,True
11,2750,type:attn_q,typed_by_type,typed,12,0,1.0000000000000002,2.0313355899920148e-05,3.728969625166973e-05,0.00045181394690649426,0.005245477403902875,0.0008437858609529059,-0.004341849510089886,-0.004341645374247267,-0.19433788734318375,-0.19434702473810342,False,False
11,2750,type:attn_v,typed_by_type,typed,12,0,0.9999999999999998,4.318081306626685e-05,0.0004920842329917681,-0.019895265743066392,-0.09342344712358958,0.02199519424879853,0.05363291563745679,0.054028737236444024,0.4101062563422762,0.4071017642433831,True,True
11,2750,type:mlp_fc,typed_by_type,typed,12,0,1.0,3.111527485094961e-05,0.00011492942156514877,-0.0011699521584455272,-0.001948368208765988,0.0003854994605696199,-0.00039153610812506646,-0.000390167320072015,-0.9845821434340909,-0.9880362622335118,False,False
11,2750,type:mlp_proj,typed_by_type,typed,12,0,1.0,0.00011392189620161453,0.0004570918189525097,-0.000483721487876246,-0.0033363689478186197,0.001259593069689953,0.0023689259720661277,0.002369159958543961,0.5317148296497262,0.5316623156437585,True,True
12,3000,global,plain_control,plain,72,0,1.0,4.1411910393284285e-05,0.0004775060751514591,0.0,0.0,0.0,0.0,0.0,nan,nan,False,False
12,3000,global,typed_aggregate,typed,72,0,1.0,4.1411910393284285e-05,0.0004775039589223864,-0.004534232403965304,-0.0219465156126812,0.0047722396773755464,0.012878050804750593,0.012898610068243763,0.37057158336532664,0.36998092446602043,True,True
12,3000,global,all_layer,all_layer,72,0,1.018541775185736,4.1411910393284285e-05,0.0004775042074598,0.015957534333064658,0.0273630499404526,0.008762546972564761,0.004552018725676715,0.004806661627667654,1.9249804318988382,1.8230005877939506,False,False
12,3000,type:attn_k,typed_by_type,typed,12,0,1.0,2.1707581406017664e-05,2.3554430412101168e-05,0.0013686521757053781,0.0003364187569235234,0.0004342449893726839,0.002400885594487233,0.002402758803265296,0.18086867211406105,0.1807276655411915,True,True
12,3000,type:attn_proj,typed_by_type,typed,12,0,0.9999999999999998,4.1281949904109696e-05,8.314413514490265e-05,-0.020826458040635397,-0.07386059086073106,0.01662334009252789,0.032207674779460266,0.03264141613397861,0.5161297798228222,0.5092714122541868,True,True
12,3000,type:attn_q,typed_by_type,typed,12,0,0.9999999999999998,2.1010023545736006e-05,1.7058490616746836e-05,0.0004803003025090852,0.0012500402508613547,0.0008874118433192988,-0.00028943964584318433,-0.000289208957462594,-3.06596506755018,-3.068410643657452,False,False
12,3000,type:attn_v,typed_by_type,typed,12,0,1.0000000000000002,4.146280626705493e-05,0.0003485645863783496,-0.01797830594302041,-0.07395345009092409,0.02226411155335155,0.037996838204883275,0.038320057689464115,0.5859464262079105,0.5810041241005998,True,True
12,3000,type:mlp_fc,typed_by_type,typed,12,0,1.0,3.2262096524555476e-05,0.00010044677076966414,-0.0012182491408286656,0.0008954413690578721,0.00036940843288292015,-0.0033319396507152034,-0.003330455519746074,-0.11086888467611541,-0.11091829051393103,False,False
12,3000,type:mlp_proj,typed_by_type,typed,12,0,1.0,0.00011819644631841837,0.00046732584118701484,0.0002763079349858662,0.006761170814584275,0.0012634148862768128,-0.006208554944612543,-0.0062084785985376065,-0.20349580498971626,-0.20349830739118718,False,False
13,3250,global,plain_control,plain,72,0,1.0,4.130838352101461e-05,0.0005317242913356909,0.0,0.0,0.0,0.0,0.0,nan,nan,False,False
13,3250,global,typed_aggregate,typed,72,0,0.9999999999999998,4.130838352101461e-05,0.0005317242734769004,-0.004640061312678589,-0.03351875534625376,0.004824596220509022,0.02423863272089658,0.024260162889881996,0.1990457248997237,0.19886907777198726,True,True
13,3250,global,all_layer,all_layer,72,0,1.0184863982638594,4.130838352101461e-05,0.0005317240113507475,0.015746092645976983,0.012128453430259454,0.008834169992826092,0.019363731861694513,0.0196116712953102,0.4562224914042482,0.4504547246281164,True,True
13,3250,type:attn_k,typed_by_type,typed,12,0,0.9999999999999998,2.174621331820623e-05,3.0373643944138628e-05,0.001417429860206734,0.002052614106820731,0.00044633771134588236,0.0007822456135927369,0.0007842547210013427,0.5705851251704949,0.5691233975308364,True,True
13,3250,type:attn_proj,typed_by_type,typed,12,0,1.0,4.087608789670489e-05,9.715799292826922e-05,-0.021013523742695422,-0.09528057112417154,0.016856432468211453,0.0532535236387807,0.053695091818865524,0.3165317769871688,0.3139287390563512,True,True
13,3250,type:attn_q,typed_by_type,typed,12,0,1.0,2.1155343355855717e-05,2.2524972623383115e-05,0.0006043217694612542,0.0022397147817980103,0.0009152050495530431,-0.001031071242875502,-0.0010307060380744572,-0.8876254244087677,-0.8879399321874639,False,False
13,3250,type:attn_v,typed_by_type,typed,12,0,1.0,4.010613289865923e-05,0.0003808931346645684,-0.020690952785267676,-0.08914769489789964,0.022481021639553227,0.04776578932736429,0.048193904854526466,0.4706511073328834,0.4664702249674995,True,True
13,3250,type:mlp_fc,typed_by_type,typed,12,0,1.0,3.251216749979781e-05,0.0001139597012341867,-0.0010179185377116855,-0.0004973455672291296,0.000363777397881258,-0.0015384915081942414,-0.0015374553500448244,-0.23645070248598962,-0.2366100569168738,False,False
13,3250,type:mlp_proj,typed_by_type,typed,12,0,1.0,0.0001178430042205142,0.00046903632099686715,0.0004454608150524775,-0.0015561599866347018,0.001267259524392567,0.002447081616739657,0.002447280052077404,0.5178656550413658,0.5178236644052396,True,True
